date,alaska_flu,flu,symptoms of flu,stomach flu,the flu,bird flu,high fever,flu shot,flu how long,oscillococcinum,bronchitis,contagious flu,flu fever,cold and flu,flu contagious,normal body,flu and cold,flu medicine,how long is the flu,cure flu,flu vs cold,taking temperature,pneumonia,normal body temperature,symptoms of the flu,flu symptoms 2018,low body,flu shot side effects,reduce fever,influenza symptoms,how long contagious,i have the flu,fever flu,swine flu,how long does the flu last,cold vs flu,thermoscan,flu treatment,the flu virus,how long does flu last,human temperature,is flu contagious,cold or flu,flu symptoms,spanish flu,body temperature,fever reducer,flu cough,how long flu,fever cough,ear thermometer,target
2010-40,0.8751459999999999,23.0,0.0,0.0,23.0,0.0,0.0,16.0,0.0,0.0,42.0,0.0,0.0,67.0,0.0,67.0,67.0,0.0,0.0,0.0,0.0,0.0,63.0,100.0,0.0,0.0,48.0,73.0,0.0,0.0,93.0,0.0,0.0,0.0,0.0,0.0,0.0,0.0,0.0,0.0,0.0,100.0,0.0,18.0,0.0,100.0,0.0,0.0,0.0,0.0,0.0,1.12827
2010-41,1.12827,23.0,0.0,0.0,23.0,0.0,0.0,16.0,0.0,0.0,42.0,0.0,0.0,67.0,0.0,67.0,67.0,0.0,0.0,0.0,0.0,0.0,63.0,100.0,0.0,0.0,48.0,73.0,0.0,0.0,93.0,0.0,0.0,0.0,0.0,0.0,0.0,0.0,0.0,0.0,0.0,100.0,0.0,18.0,0.0,100.0,0.0,0.0,0.0,0.0,0.0,0.586042
2010-42,0.586042,23.0,0.0,0.0,23.0,0.0,0.0,16.0,0.0,0.0,42.0,0.0,0.0,67.0,0.0,67.0,67.0,0.0,0.0,0.0,0.0,0.0,63.0,100.0,0.0,0.0,48.0,73.0,0.0,0.0,93.0,0.0,0.0,0.0,0.0,0.0,0.0,0.0,0.0,0.0,0.0,100.0,0.0,18.0,0.0,100.0,0.0,0.0,0.0,0.0,0.0,0.967742
2010-43,0.967742,23.0,0.0,0.0,23.0,0.0,0.0,16.0,0.0,0.0,42.0,0.0,0.0,67.0,0.0,67.0,67.0,0.0,0.0,0.0,0.0,0.0,63.0,100.0,0.0,0.0,48.0,73.0,0.0,0.0,93.0,0.0,0.0,0.0,0.0,0.0,0.0,0.0,0.0,0.0,0.0,100.0,0.0,18.0,0.0,100.0,0.0,0.0,0.0,0.0,0.0,0.683851
2010-44,0.683851,23.0,0.0,0.0,23.0,0.0,0.0,16.0,0.0,0.0,42.0,0.0,0.0,67.0,0.0,67.0,67.0,0.0,0.0,0.0,0.0,0.0,63.0,100.0,0.0,0.0,48.0,73.0,0.0,0.0,93.0,0.0,0.0,0.0,0.0,0.0,0.0,0.0,0.0,0.0,0.0,100.0,0.0,18.0,0.0,100.0,0.0,0.0,0.0,0.0,0.0,0.9519040000000001
2010-45,0.9519040000000001,23.0,0.0,34.0,60.0,0.0,0.0,15.0,0.0,0.0,41.0,0.0,0.0,0.0,0.0,0.0,0.0,0.0,0.0,0.0,0.0,0.0,31.0,0.0,0.0,0.0,0.0,0.0,0.0,0.0,45.0,0.0,0.0,0.0,0.0,0.0,0.0,0.0,0.0,0.0,0.0,0.0,0.0,35.0,0.0,0.0,0.0,0.0,0.0,0.0,0.0,0.9625670000000001
2010-46,0.9625670000000001,23.0,0.0,34.0,60.0,0.0,0.0,15.0,0.0,0.0,41.0,0.0,0.0,0.0,0.0,0.0,0.0,0.0,0.0,0.0,0.0,0.0,31.0,0.0,0.0,0.0,0.0,0.0,0.0,0.0,45.0,0.0,0.0,0.0,0.0,0.0,0.0,0.0,0.0,0.0,0.0,0.0,0.0,35.0,0.0,0.0,0.0,0.0,0.0,0.0,0.0,0.652316
2010-47,0.652316,23.0,0.0,34.0,60.0,0.0,0.0,15.0,0.0,0.0,41.0,0.0,0.0,0.0,0.0,0.0,0.0,0.0,0.0,0.0,0.0,0.0,31.0,0.0,0.0,0.0,0.0,0.0,0.0,0.0,45.0,0.0,0.0,0.0,0.0,0.0,0.0,0.0,0.0,0.0,0.0,0.0,0.0,35.0,0.0,0.0,0.0,0.0,0.0,0.0,0.0,0.45976999999999996
2010-48,0.45976999999999996,23.0,0.0,34.0,60.0,0.0,0.0,15.0,0.0,0.0,41.0,0.0,0.0,0.0,0.0,0.0,0.0,0.0,0.0,0.0,0.0,0.0,31.0,0.0,0.0,0.0,0.0,0.0,0.0,0.0,45.0,0.0,0.0,0.0,0.0,0.0,0.0,0.0,0.0,0.0,0.0,0.0,0.0,35.0,0.0,0.0,0.0,0.0,0.0,0.0,0.0,0.797721
2010-49,0.797721,17.0,34.0,24.0,16.0,0.0,0.0,11.0,34.0,0.0,79.0,37.0,0.0,0.0,37.0,47.0,0.0,0.0,0.0,0.0,0.0,0.0,40.0,0.0,0.0,0.0,0.0,0.0,0.0,0.0,0.0,0.0,0.0,0.0,0.0,0.0,0.0,0.0,0.0,0.0,0.0,0.0,0.0,63.0,0.0,0.0,0.0,0.0,34.0,34.0,0.0,1.0558100000000001
2010-50,1.0558100000000001,17.0,34.0,24.0,16.0,0.0,0.0,11.0,34.0,0.0,79.0,37.0,0.0,0.0,37.0,47.0,0.0,0.0,0.0,0.0,0.0,0.0,40.0,0.0,0.0,0.0,0.0,0.0,0.0,0.0,0.0,0.0,0.0,0.0,0.0,0.0,0.0,0.0,0.0,0.0,0.0,0.0,0.0,63.0,0.0,0.0,0.0,0.0,34.0,34.0,0.0,0.852273
2010-51,0.852273,17.0,34.0,24.0,16.0,0.0,0.0,11.0,34.0,0.0,79.0,37.0,0.0,0.0,37.0,47.0,0.0,0.0,0.0,0.0,0.0,0.0,40.0,0.0,0.0,0.0,0.0,0.0,0.0,0.0,0.0,0.0,0.0,0.0,0.0,0.0,0.0,0.0,0.0,0.0,0.0,0.0,0.0,63.0,0.0,0.0,0.0,0.0,34.0,34.0,0.0,1.13086
2010-52,1.13086,17.0,34.0,24.0,16.0,0.0,0.0,11.0,34.0,0.0,79.0,37.0,0.0,0.0,37.0,47.0,0.0,0.0,0.0,0.0,0.0,0.0,40.0,0.0,0.0,0.0,0.0,0.0,0.0,0.0,0.0,0.0,0.0,0.0,0.0,0.0,0.0,0.0,0.0,0.0,0.0,0.0,0.0,63.0,0.0,0.0,0.0,0.0,34.0,34.0,0.0,0.592593
2011-01,0.592593,17.0,34.0,24.0,16.0,0.0,0.0,11.0,34.0,0.0,79.0,37.0,0.0,0.0,37.0,47.0,0.0,0.0,0.0,0.0,0.0,0.0,40.0,0.0,0.0,0.0,0.0,0.0,0.0,0.0,0.0,0.0,0.0,0.0,0.0,0.0,0.0,0.0,0.0,0.0,0.0,0.0,0.0,63.0,0.0,0.0,0.0,0.0,34.0,34.0,0.0,1.48227
2011-02,1.48227,17.0,34.0,24.0,16.0,0.0,0.0,11.0,34.0,0.0,79.0,37.0,0.0,0.0,37.0,47.0,0.0,0.0,0.0,0.0,0.0,0.0,40.0,0.0,0.0,0.0,0.0,0.0,0.0,0.0,0.0,0.0,0.0,0.0,0.0,0.0,0.0,0.0,0.0,0.0,0.0,0.0,0.0,63.0,0.0,0.0,0.0,0.0,34.0,34.0,0.0,1.6682099999999995
2011-03,1.6682099999999995,17.0,34.0,24.0,16.0,0.0,0.0,11.0,34.0,0.0,79.0,37.0,0.0,0.0,37.0,47.0,0.0,0.0,0.0,0.0,0.0,0.0,40.0,0.0,0.0,0.0,0.0,0.0,0.0,0.0,0.0,0.0,0.0,0.0,0.0,0.0,0.0,0.0,0.0,0.0,0.0,0.0,0.0,63.0,0.0,0.0,0.0,0.0,34.0,34.0,0.0,1.40127
2011-04,1.40127,17.0,34.0,24.0,16.0,0.0,0.0,11.0,34.0,0.0,79.0,37.0,0.0,0.0,37.0,47.0,0.0,0.0,0.0,0.0,0.0,0.0,40.0,0.0,0.0,0.0,0.0,0.0,0.0,0.0,0.0,0.0,0.0,0.0,0.0,0.0,0.0,0.0,0.0,0.0,0.0,0.0,0.0,63.0,0.0,0.0,0.0,0.0,34.0,34.0,0.0,3.6786800000000004
2011-05,3.6786800000000004,17.0,34.0,24.0,16.0,0.0,0.0,11.0,34.0,0.0,79.0,37.0,0.0,0.0,37.0,47.0,0.0,0.0,0.0,0.0,0.0,0.0,40.0,0.0,0.0,0.0,0.0,0.0,0.0,0.0,0.0,0.0,0.0,0.0,0.0,0.0,0.0,0.0,0.0,0.0,0.0,0.0,0.0,63.0,0.0,0.0,0.0,0.0,34.0,34.0,0.0,1.95891
2011-06,1.95891,17.0,34.0,24.0,16.0,0.0,0.0,11.0,34.0,0.0,79.0,37.0,0.0,0.0,37.0,47.0,0.0,0.0,0.0,0.0,0.0,0.0,40.0,0.0,0.0,0.0,0.0,0.0,0.0,0.0,0.0,0.0,0.0,0.0,0.0,0.0,0.0,0.0,0.0,0.0,0.0,0.0,0.0,63.0,0.0,0.0,0.0,0.0,34.0,34.0,0.0,4.4316
2011-07,4.4316,17.0,34.0,24.0,16.0,0.0,0.0,11.0,34.0,0.0,79.0,37.0,0.0,0.0,37.0,47.0,0.0,0.0,0.0,0.0,0.0,0.0,40.0,0.0,0.0,0.0,0.0,0.0,0.0,0.0,0.0,0.0,0.0,0.0,0.0,0.0,0.0,0.0,0.0,0.0,0.0,0.0,0.0,63.0,0.0,0.0,0.0,0.0,34.0,34.0,0.0,2.93454
2011-08,2.93454,17.0,34.0,24.0,16.0,0.0,0.0,11.0,34.0,0.0,79.0,37.0,0.0,0.0,37.0,47.0,0.0,0.0,0.0,0.0,0.0,0.0,40.0,0.0,0.0,0.0,0.0,0.0,0.0,0.0,0.0,0.0,0.0,0.0,0.0,0.0,0.0,0.0,0.0,0.0,0.0,0.0,0.0,63.0,0.0,0.0,0.0,0.0,34.0,34.0,0.0,4.8801
2011-09,4.8801,17.0,34.0,24.0,16.0,0.0,0.0,11.0,34.0,0.0,79.0,37.0,0.0,0.0,37.0,47.0,0.0,0.0,0.0,0.0,0.0,0.0,40.0,0.0,0.0,0.0,0.0,0.0,0.0,0.0,0.0,0.0,0.0,0.0,0.0,0.0,0.0,0.0,0.0,0.0,0.0,0.0,0.0,63.0,0.0,0.0,0.0,0.0,34.0,34.0,0.0,3.5337099999999997
2011-10,3.5337099999999997,17.0,34.0,24.0,16.0,0.0,0.0,11.0,34.0,0.0,79.0,37.0,0.0,0.0,37.0,47.0,0.0,0.0,0.0,0.0,0.0,0.0,40.0,0.0,0.0,0.0,0.0,0.0,0.0,0.0,0.0,0.0,0.0,0.0,0.0,0.0,0.0,0.0,0.0,0.0,0.0,0.0,0.0,63.0,0.0,0.0,0.0,0.0,34.0,34.0,0.0,2.6874700000000002
2011-11,2.6874700000000002,17.0,34.0,24.0,16.0,0.0,0.0,11.0,34.0,0.0,79.0,37.0,0.0,0.0,37.0,47.0,0.0,0.0,0.0,0.0,0.0,0.0,40.0,0.0,0.0,0.0,0.0,0.0,0.0,0.0,0.0,0.0,0.0,0.0,0.0,0.0,0.0,0.0,0.0,0.0,0.0,0.0,0.0,63.0,0.0,0.0,0.0,0.0,34.0,34.0,0.0,3.02457
2011-12,3.02457,17.0,34.0,24.0,16.0,0.0,0.0,11.0,34.0,0.0,79.0,37.0,0.0,0.0,37.0,47.0,0.0,0.0,0.0,0.0,0.0,0.0,40.0,0.0,0.0,0.0,0.0,0.0,0.0,0.0,0.0,0.0,0.0,0.0,0.0,0.0,0.0,0.0,0.0,0.0,0.0,0.0,0.0,63.0,0.0,0.0,0.0,0.0,34.0,34.0,0.0,2.14376
2011-13,2.14376,17.0,34.0,24.0,16.0,0.0,0.0,11.0,34.0,0.0,79.0,37.0,0.0,0.0,37.0,47.0,0.0,0.0,0.0,0.0,0.0,0.0,40.0,0.0,0.0,0.0,0.0,0.0,0.0,0.0,0.0,0.0,0.0,0.0,0.0,0.0,0.0,0.0,0.0,0.0,0.0,0.0,0.0,63.0,0.0,0.0,0.0,0.0,34.0,34.0,0.0,2.2082
2011-14,2.2082,11.0,36.0,25.0,17.0,0.0,42.0,0.0,70.0,0.0,20.0,0.0,0.0,0.0,0.0,50.0,0.0,71.0,70.0,0.0,0.0,0.0,28.0,0.0,0.0,0.0,0.0,0.0,0.0,0.0,34.0,0.0,0.0,0.0,81.0,0.0,0.0,0.0,62.0,69.0,0.0,0.0,0.0,0.0,0.0,0.0,68.0,66.0,70.0,0.0,0.0,1.36504
2011-15,1.36504,11.0,36.0,25.0,17.0,0.0,42.0,0.0,70.0,0.0,20.0,0.0,0.0,0.0,0.0,50.0,0.0,71.0,70.0,0.0,0.0,0.0,28.0,0.0,0.0,0.0,0.0,0.0,0.0,0.0,34.0,0.0,0.0,0.0,81.0,0.0,0.0,0.0,62.0,69.0,0.0,0.0,0.0,0.0,0.0,0.0,68.0,66.0,70.0,0.0,0.0,1.4123
2011-16,1.4123,11.0,36.0,25.0,17.0,0.0,42.0,0.0,70.0,0.0,20.0,0.0,0.0,0.0,0.0,50.0,0.0,71.0,70.0,0.0,0.0,0.0,28.0,0.0,0.0,0.0,0.0,0.0,0.0,0.0,34.0,0.0,0.0,0.0,81.0,0.0,0.0,0.0,62.0,69.0,0.0,0.0,0.0,0.0,0.0,0.0,68.0,66.0,70.0,0.0,0.0,0.8542709999999999
2011-17,0.8542709999999999,11.0,36.0,25.0,17.0,0.0,42.0,0.0,70.0,0.0,20.0,0.0,0.0,0.0,0.0,50.0,0.0,71.0,70.0,0.0,0.0,0.0,28.0,0.0,0.0,0.0,0.0,0.0,0.0,0.0,34.0,0.0,0.0,0.0,81.0,0.0,0.0,0.0,62.0,69.0,0.0,0.0,0.0,0.0,0.0,0.0,68.0,66.0,70.0,0.0,0.0,0.798122
2011-18,0.798122,9.0,0.0,25.0,11.0,0.0,0.0,0.0,0.0,77.0,62.0,0.0,0.0,0.0,0.0,50.0,0.0,71.0,0.0,0.0,0.0,0.0,33.0,0.0,0.0,0.0,53.0,0.0,0.0,0.0,0.0,0.0,0.0,24.0,0.0,0.0,0.0,0.0,0.0,0.0,49.0,0.0,0.0,26.0,0.0,18.0,0.0,0.0,0.0,0.0,0.0,0.359712
2011-19,0.359712,9.0,0.0,25.0,11.0,0.0,0.0,0.0,0.0,77.0,62.0,0.0,0.0,0.0,0.0,50.0,0.0,71.0,0.0,0.0,0.0,0.0,33.0,0.0,0.0,0.0,53.0,0.0,0.0,0.0,0.0,0.0,0.0,24.0,0.0,0.0,0.0,0.0,0.0,0.0,49.0,0.0,0.0,26.0,0.0,18.0,0.0,0.0,0.0,0.0,0.0,0.306279
2011-20,0.306279,9.0,0.0,25.0,11.0,0.0,0.0,0.0,0.0,77.0,62.0,0.0,0.0,0.0,0.0,50.0,0.0,71.0,0.0,0.0,0.0,0.0,33.0,0.0,0.0,0.0,53.0,0.0,0.0,0.0,0.0,0.0,0.0,24.0,0.0,0.0,0.0,0.0,0.0,0.0,49.0,0.0,0.0,26.0,0.0,18.0,0.0,0.0,0.0,0.0,0.0,0.716846
2011-21,0.716846,9.0,0.0,25.0,11.0,0.0,0.0,0.0,0.0,77.0,62.0,0.0,0.0,0.0,0.0,50.0,0.0,71.0,0.0,0.0,0.0,0.0,33.0,0.0,0.0,0.0,53.0,0.0,0.0,0.0,0.0,0.0,0.0,24.0,0.0,0.0,0.0,0.0,0.0,0.0,49.0,0.0,0.0,26.0,0.0,18.0,0.0,0.0,0.0,0.0,0.0,0.366492
2011-22,0.366492,9.0,0.0,25.0,11.0,0.0,0.0,0.0,0.0,77.0,62.0,0.0,0.0,0.0,0.0,50.0,0.0,71.0,0.0,0.0,0.0,0.0,33.0,0.0,0.0,0.0,53.0,0.0,0.0,0.0,0.0,0.0,0.0,24.0,0.0,0.0,0.0,0.0,0.0,0.0,49.0,0.0,0.0,26.0,0.0,18.0,0.0,0.0,0.0,0.0,0.0,0.601751
2011-23,0.601751,9.0,0.0,26.0,0.0,0.0,0.0,0.0,0.0,0.0,31.0,0.0,0.0,0.0,0.0,0.0,0.0,0.0,0.0,0.0,0.0,0.0,28.0,0.0,0.0,0.0,36.0,0.0,0.0,0.0,35.0,0.0,0.0,0.0,0.0,0.0,0.0,0.0,0.0,0.0,0.0,0.0,0.0,27.0,0.0,0.0,0.0,0.0,0.0,0.0,0.0,0.5524859999999999
2011-24,0.5524859999999999,9.0,0.0,26.0,0.0,0.0,0.0,0.0,0.0,0.0,31.0,0.0,0.0,0.0,0.0,0.0,0.0,0.0,0.0,0.0,0.0,0.0,28.0,0.0,0.0,0.0,36.0,0.0,0.0,0.0,35.0,0.0,0.0,0.0,0.0,0.0,0.0,0.0,0.0,0.0,0.0,0.0,0.0,27.0,0.0,0.0,0.0,0.0,0.0,0.0,0.0,0.764192
2011-25,0.764192,9.0,0.0,26.0,0.0,0.0,0.0,0.0,0.0,0.0,31.0,0.0,0.0,0.0,0.0,0.0,0.0,0.0,0.0,0.0,0.0,0.0,28.0,0.0,0.0,0.0,36.0,0.0,0.0,0.0,35.0,0.0,0.0,0.0,0.0,0.0,0.0,0.0,0.0,0.0,0.0,0.0,0.0,27.0,0.0,0.0,0.0,0.0,0.0,0.0,0.0,0.559284
2011-26,0.559284,9.0,0.0,26.0,0.0,0.0,0.0,0.0,0.0,0.0,31.0,0.0,0.0,0.0,0.0,0.0,0.0,0.0,0.0,0.0,0.0,0.0,28.0,0.0,0.0,0.0,36.0,0.0,0.0,0.0,35.0,0.0,0.0,0.0,0.0,0.0,0.0,0.0,0.0,0.0,0.0,0.0,0.0,27.0,0.0,0.0,0.0,0.0,0.0,0.0,0.0,0.500835
2011-27,0.500835,5.0,0.0,24.0,10.0,0.0,0.0,0.0,0.0,0.0,19.0,0.0,0.0,47.0,0.0,0.0,47.0,0.0,0.0,0.0,0.0,0.0,22.0,0.0,0.0,0.0,33.0,0.0,0.0,0.0,32.0,0.0,0.0,0.0,0.0,0.0,0.0,0.0,0.0,0.0,0.0,0.0,0.0,12.0,45.0,0.0,0.0,0.0,0.0,0.0,0.0,0.668896
2011-28,0.668896,5.0,0.0,24.0,10.0,0.0,0.0,0.0,0.0,0.0,19.0,0.0,0.0,47.0,0.0,0.0,47.0,0.0,0.0,0.0,0.0,0.0,22.0,0.0,0.0,0.0,33.0,0.0,0.0,0.0,32.0,0.0,0.0,0.0,0.0,0.0,0.0,0.0,0.0,0.0,0.0,0.0,0.0,12.0,45.0,0.0,0.0,0.0,0.0,0.0,0.0,0.31745999999999996
2011-29,0.31745999999999996,5.0,0.0,24.0,10.0,0.0,0.0,0.0,0.0,0.0,19.0,0.0,0.0,47.0,0.0,0.0,47.0,0.0,0.0,0.0,0.0,0.0,22.0,0.0,0.0,0.0,33.0,0.0,0.0,0.0,32.0,0.0,0.0,0.0,0.0,0.0,0.0,0.0,0.0,0.0,0.0,0.0,0.0,12.0,45.0,0.0,0.0,0.0,0.0,0.0,0.0,0.410678
2011-30,0.410678,5.0,0.0,24.0,10.0,0.0,0.0,0.0,0.0,0.0,19.0,0.0,0.0,47.0,0.0,0.0,47.0,0.0,0.0,0.0,0.0,0.0,22.0,0.0,0.0,0.0,33.0,0.0,0.0,0.0,32.0,0.0,0.0,0.0,0.0,0.0,0.0,0.0,0.0,0.0,0.0,0.0,0.0,12.0,45.0,0.0,0.0,0.0,0.0,0.0,0.0,0.36939299999999997
2011-31,0.36939299999999997,5.0,0.0,24.0,10.0,0.0,0.0,0.0,0.0,0.0,19.0,0.0,0.0,47.0,0.0,0.0,47.0,0.0,0.0,0.0,0.0,0.0,22.0,0.0,0.0,0.0,33.0,0.0,0.0,0.0,32.0,0.0,0.0,0.0,0.0,0.0,0.0,0.0,0.0,0.0,0.0,0.0,0.0,12.0,45.0,0.0,0.0,0.0,0.0,0.0,0.0,0.48886499999999994
2011-32,0.48886499999999994,25.0,33.0,23.0,10.0,40.0,0.0,21.0,0.0,0.0,57.0,0.0,0.0,46.0,0.0,92.0,46.0,0.0,0.0,0.0,0.0,0.0,43.0,0.0,0.0,0.0,0.0,100.0,0.0,57.0,31.0,0.0,0.0,0.0,0.0,0.0,0.0,0.0,0.0,0.0,0.0,0.0,0.0,60.0,0.0,0.0,0.0,0.0,0.0,0.0,0.0,0.322754
2011-33,0.322754,25.0,33.0,23.0,10.0,40.0,0.0,21.0,0.0,0.0,57.0,0.0,0.0,46.0,0.0,92.0,46.0,0.0,0.0,0.0,0.0,0.0,43.0,0.0,0.0,0.0,0.0,100.0,0.0,57.0,31.0,0.0,0.0,0.0,0.0,0.0,0.0,0.0,0.0,0.0,0.0,0.0,0.0,60.0,0.0,0.0,0.0,0.0,0.0,0.0,0.0,0.165107
2011-34,0.165107,25.0,33.0,23.0,10.0,40.0,0.0,21.0,0.0,0.0,57.0,0.0,0.0,46.0,0.0,92.0,46.0,0.0,0.0,0.0,0.0,0.0,43.0,0.0,0.0,0.0,0.0,100.0,0.0,57.0,31.0,0.0,0.0,0.0,0.0,0.0,0.0,0.0,0.0,0.0,0.0,0.0,0.0,60.0,0.0,0.0,0.0,0.0,0.0,0.0,0.0,0.9139780000000001
2011-35,0.9139780000000001,25.0,33.0,23.0,10.0,40.0,0.0,21.0,0.0,0.0,57.0,0.0,0.0,46.0,0.0,92.0,46.0,0.0,0.0,0.0,0.0,0.0,43.0,0.0,0.0,0.0,0.0,100.0,0.0,57.0,31.0,0.0,0.0,0.0,0.0,0.0,0.0,0.0,0.0,0.0,0.0,0.0,0.0,60.0,0.0,0.0,0.0,0.0,0.0,0.0,0.0,0.864865
2011-36,0.864865,30.0,63.0,0.0,10.0,0.0,37.0,20.0,0.0,0.0,18.0,0.0,0.0,0.0,0.0,44.0,0.0,0.0,0.0,74.0,78.0,0.0,20.0,0.0,0.0,0.0,0.0,72.0,0.0,0.0,0.0,0.0,0.0,22.0,0.0,70.0,0.0,0.0,0.0,0.0,0.0,0.0,0.0,29.0,0.0,16.0,0.0,59.0,0.0,0.0,0.0,0.9824200000000001
2011-37,0.9824200000000001,30.0,63.0,0.0,10.0,0.0,37.0,20.0,0.0,0.0,18.0,0.0,0.0,0.0,0.0,44.0,0.0,0.0,0.0,74.0,78.0,0.0,20.0,0.0,0.0,0.0,0.0,72.0,0.0,0.0,0.0,0.0,0.0,22.0,0.0,70.0,0.0,0.0,0.0,0.0,0.0,0.0,0.0,29.0,0.0,16.0,0.0,59.0,0.0,0.0,0.0,1.22699
2011-38,1.22699,30.0,63.0,0.0,10.0,0.0,37.0,20.0,0.0,0.0,18.0,0.0,0.0,0.0,0.0,44.0,0.0,0.0,0.0,74.0,78.0,0.0,20.0,0.0,0.0,0.0,0.0,72.0,0.0,0.0,0.0,0.0,0.0,22.0,0.0,70.0,0.0,0.0,0.0,0.0,0.0,0.0,0.0,29.0,0.0,16.0,0.0,59.0,0.0,0.0,0.0,1.21644
2011-39,1.21644,30.0,63.0,0.0,10.0,0.0,37.0,20.0,0.0,0.0,18.0,0.0,0.0,0.0,0.0,44.0,0.0,0.0,0.0,74.0,78.0,0.0,20.0,0.0,0.0,0.0,0.0,72.0,0.0,0.0,0.0,0.0,0.0,22.0,0.0,70.0,0.0,0.0,0.0,0.0,0.0,0.0,0.0,29.0,0.0,16.0,0.0,59.0,0.0,0.0,0.0,1.64913
2011-40,1.64913,25.0,64.0,34.0,15.0,0.0,0.0,21.0,0.0,0.0,36.0,34.0,0.0,0.0,34.0,0.0,0.0,0.0,0.0,75.0,0.0,0.0,8.0,0.0,74.0,0.0,0.0,0.0,0.0,0.0,0.0,46.0,0.0,21.0,0.0,0.0,0.0,0.0,0.0,0.0,0.0,0.0,77.0,29.0,0.0,0.0,0.0,0.0,0.0,0.0,0.0,1.50376
2011-41,1.50376,25.0,64.0,34.0,15.0,0.0,0.0,21.0,0.0,0.0,36.0,34.0,0.0,0.0,34.0,0.0,0.0,0.0,0.0,75.0,0.0,0.0,8.0,0.0,74.0,0.0,0.0,0.0,0.0,0.0,0.0,46.0,0.0,21.0,0.0,0.0,0.0,0.0,0.0,0.0,0.0,0.0,77.0,29.0,0.0,0.0,0.0,0.0,0.0,0.0,0.0,0.997817
2011-42,0.997817,25.0,64.0,34.0,15.0,0.0,0.0,21.0,0.0,0.0,36.0,34.0,0.0,0.0,34.0,0.0,0.0,0.0,0.0,75.0,0.0,0.0,8.0,0.0,74.0,0.0,0.0,0.0,0.0,0.0,0.0,46.0,0.0,21.0,0.0,0.0,0.0,0.0,0.0,0.0,0.0,0.0,77.0,29.0,0.0,0.0,0.0,0.0,0.0,0.0,0.0,0.8700700000000001
2011-43,0.8700700000000001,25.0,64.0,34.0,15.0,0.0,0.0,21.0,0.0,0.0,36.0,34.0,0.0,0.0,34.0,0.0,0.0,0.0,0.0,75.0,0.0,0.0,8.0,0.0,74.0,0.0,0.0,0.0,0.0,0.0,0.0,46.0,0.0,21.0,0.0,0.0,0.0,0.0,0.0,0.0,0.0,0.0,77.0,29.0,0.0,0.0,0.0,0.0,0.0,0.0,0.0,0.74174
2011-44,0.74174,25.0,64.0,34.0,15.0,0.0,0.0,21.0,0.0,0.0,36.0,34.0,0.0,0.0,34.0,0.0,0.0,0.0,0.0,75.0,0.0,0.0,8.0,0.0,74.0,0.0,0.0,0.0,0.0,0.0,0.0,46.0,0.0,21.0,0.0,0.0,0.0,0.0,0.0,0.0,0.0,0.0,77.0,29.0,0.0,0.0,0.0,0.0,0.0,0.0,0.0,1.17426
2011-45,1.17426,20.0,0.0,22.0,15.0,0.0,0.0,10.0,31.0,0.0,0.0,0.0,57.0,0.0,0.0,86.0,0.0,0.0,0.0,0.0,0.0,0.0,37.0,0.0,72.0,0.0,31.0,47.0,0.0,0.0,30.0,0.0,57.0,0.0,0.0,0.0,0.0,0.0,0.0,61.0,0.0,64.0,0.0,12.0,42.0,32.0,0.0,0.0,31.0,30.0,0.0,0.510204
2011-46,0.510204,20.0,0.0,22.0,15.0,0.0,0.0,10.0,31.0,0.0,0.0,0.0,57.0,0.0,0.0,86.0,0.0,0.0,0.0,0.0,0.0,0.0,37.0,0.0,72.0,0.0,31.0,47.0,0.0,0.0,30.0,0.0,57.0,0.0,0.0,0.0,0.0,0.0,0.0,61.0,0.0,64.0,0.0,12.0,42.0,32.0,0.0,0.0,31.0,30.0,0.0,0.578704
2011-47,0.578704,20.0,0.0,22.0,15.0,0.0,0.0,10.0,31.0,0.0,0.0,0.0,57.0,0.0,0.0,86.0,0.0,0.0,0.0,0.0,0.0,0.0,37.0,0.0,72.0,0.0,31.0,47.0,0.0,0.0,30.0,0.0,57.0,0.0,0.0,0.0,0.0,0.0,0.0,61.0,0.0,64.0,0.0,12.0,42.0,32.0,0.0,0.0,31.0,30.0,0.0,0.958313
2011-48,0.958313,20.0,0.0,22.0,15.0,0.0,0.0,10.0,31.0,0.0,0.0,0.0,57.0,0.0,0.0,86.0,0.0,0.0,0.0,0.0,0.0,0.0,37.0,0.0,72.0,0.0,31.0,47.0,0.0,0.0,30.0,0.0,57.0,0.0,0.0,0.0,0.0,0.0,0.0,61.0,0.0,64.0,0.0,12.0,42.0,32.0,0.0,0.0,31.0,30.0,0.0,0.703235
2011-49,0.703235,17.0,35.0,74.0,11.0,0.0,0.0,22.0,34.0,0.0,20.0,0.0,0.0,48.0,0.0,72.0,48.0,0.0,0.0,0.0,0.0,0.0,27.0,36.0,0.0,0.0,0.0,0.0,0.0,0.0,0.0,0.0,0.0,0.0,0.0,0.0,0.0,0.0,0.0,67.0,0.0,0.0,0.0,25.0,0.0,54.0,0.0,0.0,34.0,0.0,0.0,0.564682
2011-50,0.564682,17.0,35.0,74.0,11.0,0.0,0.0,22.0,34.0,0.0,20.0,0.0,0.0,48.0,0.0,72.0,48.0,0.0,0.0,0.0,0.0,0.0,27.0,36.0,0.0,0.0,0.0,0.0,0.0,0.0,0.0,0.0,0.0,0.0,0.0,0.0,0.0,0.0,0.0,67.0,0.0,0.0,0.0,25.0,0.0,54.0,0.0,0.0,34.0,0.0,0.0,0.516529
2011-51,0.516529,17.0,35.0,74.0,11.0,0.0,0.0,22.0,34.0,0.0,20.0,0.0,0.0,48.0,0.0,72.0,48.0,0.0,0.0,0.0,0.0,0.0,27.0,36.0,0.0,0.0,0.0,0.0,0.0,0.0,0.0,0.0,0.0,0.0,0.0,0.0,0.0,0.0,0.0,67.0,0.0,0.0,0.0,25.0,0.0,54.0,0.0,0.0,34.0,0.0,0.0,0.6622520000000001
2011-52,0.6622520000000001,17.0,35.0,74.0,11.0,0.0,0.0,22.0,34.0,0.0,20.0,0.0,0.0,48.0,0.0,72.0,48.0,0.0,0.0,0.0,0.0,0.0,27.0,36.0,0.0,0.0,0.0,0.0,0.0,0.0,0.0,0.0,0.0,0.0,0.0,0.0,0.0,0.0,0.0,67.0,0.0,0.0,0.0,25.0,0.0,54.0,0.0,0.0,34.0,0.0,0.0,0.696304
2012-01,0.696304,13.0,0.0,26.0,23.0,0.0,29.0,0.0,24.0,0.0,63.0,26.0,0.0,0.0,26.0,68.0,0.0,0.0,0.0,58.0,61.0,42.0,19.0,0.0,0.0,0.0,49.0,0.0,85.0,0.0,23.0,35.0,0.0,17.0,0.0,54.0,0.0,0.0,42.0,0.0,34.0,0.0,0.0,18.0,33.0,25.0,0.0,0.0,24.0,0.0,54.0,0.507042
2012-02,0.507042,13.0,0.0,26.0,23.0,0.0,29.0,0.0,24.0,0.0,63.0,26.0,0.0,0.0,26.0,68.0,0.0,0.0,0.0,58.0,61.0,42.0,19.0,0.0,0.0,0.0,49.0,0.0,85.0,0.0,23.0,35.0,0.0,17.0,0.0,54.0,0.0,0.0,42.0,0.0,34.0,0.0,0.0,18.0,33.0,25.0,0.0,0.0,24.0,0.0,54.0,0.763775
2012-03,0.763775,13.0,0.0,26.0,23.0,0.0,29.0,0.0,24.0,0.0,63.0,26.0,0.0,0.0,26.0,68.0,0.0,0.0,0.0,58.0,61.0,42.0,19.0,0.0,0.0,0.0,49.0,0.0,85.0,0.0,23.0,35.0,0.0,17.0,0.0,54.0,0.0,0.0,42.0,0.0,34.0,0.0,0.0,18.0,33.0,25.0,0.0,0.0,24.0,0.0,54.0,1.49653
2012-04,1.49653,13.0,0.0,26.0,23.0,0.0,29.0,0.0,24.0,0.0,63.0,26.0,0.0,0.0,26.0,68.0,0.0,0.0,0.0,58.0,61.0,42.0,19.0,0.0,0.0,0.0,49.0,0.0,85.0,0.0,23.0,35.0,0.0,17.0,0.0,54.0,0.0,0.0,42.0,0.0,34.0,0.0,0.0,18.0,33.0,25.0,0.0,0.0,24.0,0.0,54.0,0.8384149999999999
2012-05,0.8384149999999999,13.0,0.0,26.0,23.0,0.0,29.0,0.0,24.0,0.0,63.0,26.0,0.0,0.0,26.0,68.0,0.0,0.0,0.0,58.0,61.0,42.0,19.0,0.0,0.0,0.0,49.0,0.0,85.0,0.0,23.0,35.0,0.0,17.0,0.0,54.0,0.0,0.0,42.0,0.0,34.0,0.0,0.0,18.0,33.0,25.0,0.0,0.0,24.0,0.0,54.0,0.615822
2012-06,0.615822,13.0,0.0,26.0,23.0,0.0,29.0,0.0,24.0,0.0,63.0,26.0,0.0,0.0,26.0,68.0,0.0,0.0,0.0,58.0,61.0,42.0,19.0,0.0,0.0,0.0,49.0,0.0,85.0,0.0,23.0,35.0,0.0,17.0,0.0,54.0,0.0,0.0,42.0,0.0,34.0,0.0,0.0,18.0,33.0,25.0,0.0,0.0,24.0,0.0,54.0,0.360685
2012-07,0.360685,13.0,0.0,26.0,23.0,0.0,29.0,0.0,24.0,0.0,63.0,26.0,0.0,0.0,26.0,68.0,0.0,0.0,0.0,58.0,61.0,42.0,19.0,0.0,0.0,0.0,49.0,0.0,85.0,0.0,23.0,35.0,0.0,17.0,0.0,54.0,0.0,0.0,42.0,0.0,34.0,0.0,0.0,18.0,33.0,25.0,0.0,0.0,24.0,0.0,54.0,0.465983
2012-08,0.465983,13.0,0.0,26.0,23.0,0.0,29.0,0.0,24.0,0.0,63.0,26.0,0.0,0.0,26.0,68.0,0.0,0.0,0.0,58.0,61.0,42.0,19.0,0.0,0.0,0.0,49.0,0.0,85.0,0.0,23.0,35.0,0.0,17.0,0.0,54.0,0.0,0.0,42.0,0.0,34.0,0.0,0.0,18.0,33.0,25.0,0.0,0.0,24.0,0.0,54.0,0.8448200000000001
2012-09,0.8448200000000001,13.0,0.0,26.0,23.0,0.0,29.0,0.0,24.0,0.0,63.0,26.0,0.0,0.0,26.0,68.0,0.0,0.0,0.0,58.0,61.0,42.0,19.0,0.0,0.0,0.0,49.0,0.0,85.0,0.0,23.0,35.0,0.0,17.0,0.0,54.0,0.0,0.0,42.0,0.0,34.0,0.0,0.0,18.0,33.0,25.0,0.0,0.0,24.0,0.0,54.0,0.636943
2012-10,0.636943,13.0,0.0,26.0,23.0,0.0,29.0,0.0,24.0,0.0,63.0,26.0,0.0,0.0,26.0,68.0,0.0,0.0,0.0,58.0,61.0,42.0,19.0,0.0,0.0,0.0,49.0,0.0,85.0,0.0,23.0,35.0,0.0,17.0,0.0,54.0,0.0,0.0,42.0,0.0,34.0,0.0,0.0,18.0,33.0,25.0,0.0,0.0,24.0,0.0,54.0,1.3312
2012-11,1.3312,13.0,0.0,26.0,23.0,0.0,29.0,0.0,24.0,0.0,63.0,26.0,0.0,0.0,26.0,68.0,0.0,0.0,0.0,58.0,61.0,42.0,19.0,0.0,0.0,0.0,49.0,0.0,85.0,0.0,23.0,35.0,0.0,17.0,0.0,54.0,0.0,0.0,42.0,0.0,34.0,0.0,0.0,18.0,33.0,25.0,0.0,0.0,24.0,0.0,54.0,1.1358
2012-12,1.1358,13.0,0.0,26.0,23.0,0.0,29.0,0.0,24.0,0.0,63.0,26.0,0.0,0.0,26.0,68.0,0.0,0.0,0.0,58.0,61.0,42.0,19.0,0.0,0.0,0.0,49.0,0.0,85.0,0.0,23.0,35.0,0.0,17.0,0.0,54.0,0.0,0.0,42.0,0.0,34.0,0.0,0.0,18.0,33.0,25.0,0.0,0.0,24.0,0.0,54.0,0.920716
2012-13,0.920716,13.0,0.0,26.0,23.0,0.0,29.0,0.0,24.0,0.0,63.0,26.0,0.0,0.0,26.0,68.0,0.0,0.0,0.0,58.0,61.0,42.0,19.0,0.0,0.0,0.0,49.0,0.0,85.0,0.0,23.0,35.0,0.0,17.0,0.0,54.0,0.0,0.0,42.0,0.0,34.0,0.0,0.0,18.0,33.0,25.0,0.0,0.0,24.0,0.0,54.0,1.67877
2012-14,1.67877,9.0,0.0,20.0,13.0,33.0,49.0,0.0,28.0,0.0,40.0,0.0,0.0,0.0,0.0,58.0,0.0,0.0,0.0,0.0,0.0,0.0,29.0,29.0,0.0,0.0,28.0,0.0,0.0,0.0,27.0,40.0,0.0,0.0,64.0,0.0,0.0,0.0,0.0,0.0,0.0,57.0,0.0,20.0,0.0,29.0,0.0,0.0,28.0,0.0,0.0,2.32058
2012-15,2.32058,9.0,0.0,20.0,13.0,33.0,49.0,0.0,28.0,0.0,40.0,0.0,0.0,0.0,0.0,58.0,0.0,0.0,0.0,0.0,0.0,0.0,29.0,29.0,0.0,0.0,28.0,0.0,0.0,0.0,27.0,40.0,0.0,0.0,64.0,0.0,0.0,0.0,0.0,0.0,0.0,57.0,0.0,20.0,0.0,29.0,0.0,0.0,28.0,0.0,0.0,2.1907200000000002
2012-16,2.1907200000000002,9.0,0.0,20.0,13.0,33.0,49.0,0.0,28.0,0.0,40.0,0.0,0.0,0.0,0.0,58.0,0.0,0.0,0.0,0.0,0.0,0.0,29.0,29.0,0.0,0.0,28.0,0.0,0.0,0.0,27.0,40.0,0.0,0.0,64.0,0.0,0.0,0.0,0.0,0.0,0.0,57.0,0.0,20.0,0.0,29.0,0.0,0.0,28.0,0.0,0.0,1.83076
2012-17,1.83076,9.0,0.0,20.0,13.0,33.0,49.0,0.0,28.0,0.0,40.0,0.0,0.0,0.0,0.0,58.0,0.0,0.0,0.0,0.0,0.0,0.0,29.0,29.0,0.0,0.0,28.0,0.0,0.0,0.0,27.0,40.0,0.0,0.0,64.0,0.0,0.0,0.0,0.0,0.0,0.0,57.0,0.0,20.0,0.0,29.0,0.0,0.0,28.0,0.0,0.0,1.8611
2012-18,1.8611,9.0,0.0,20.0,13.0,33.0,49.0,0.0,28.0,0.0,40.0,0.0,0.0,0.0,0.0,58.0,0.0,0.0,0.0,0.0,0.0,0.0,29.0,29.0,0.0,0.0,28.0,0.0,0.0,0.0,27.0,40.0,0.0,0.0,64.0,0.0,0.0,0.0,0.0,0.0,0.0,57.0,0.0,20.0,0.0,29.0,0.0,0.0,28.0,0.0,0.0,1.47679
2012-19,1.47679,10.0,31.0,22.0,10.0,0.0,0.0,10.0,0.0,0.0,90.0,0.0,0.0,0.0,0.0,44.0,0.0,0.0,0.0,0.0,0.0,54.0,29.0,0.0,0.0,0.0,31.0,0.0,0.0,0.0,0.0,0.0,0.0,0.0,0.0,0.0,0.0,0.0,0.0,0.0,0.0,0.0,0.0,0.0,42.0,16.0,0.0,0.0,0.0,0.0,0.0,1.04216
2012-20,1.04216,10.0,31.0,22.0,10.0,0.0,0.0,10.0,0.0,0.0,90.0,0.0,0.0,0.0,0.0,44.0,0.0,0.0,0.0,0.0,0.0,54.0,29.0,0.0,0.0,0.0,31.0,0.0,0.0,0.0,0.0,0.0,0.0,0.0,0.0,0.0,0.0,0.0,0.0,0.0,0.0,0.0,0.0,0.0,42.0,16.0,0.0,0.0,0.0,0.0,0.0,0.753546
2012-21,0.753546,10.0,31.0,22.0,10.0,0.0,0.0,10.0,0.0,0.0,90.0,0.0,0.0,0.0,0.0,44.0,0.0,0.0,0.0,0.0,0.0,54.0,29.0,0.0,0.0,0.0,31.0,0.0,0.0,0.0,0.0,0.0,0.0,0.0,0.0,0.0,0.0,0.0,0.0,0.0,0.0,0.0,0.0,0.0,42.0,16.0,0.0,0.0,0.0,0.0,0.0,0.522814
2012-22,0.522814,10.0,31.0,22.0,10.0,0.0,0.0,10.0,0.0,0.0,90.0,0.0,0.0,0.0,0.0,44.0,0.0,0.0,0.0,0.0,0.0,54.0,29.0,0.0,0.0,0.0,31.0,0.0,0.0,0.0,0.0,0.0,0.0,0.0,0.0,0.0,0.0,0.0,0.0,0.0,0.0,0.0,0.0,0.0,42.0,16.0,0.0,0.0,0.0,0.0,0.0,0.277316
2012-23,0.277316,7.0,0.0,0.0,0.0,0.0,0.0,0.0,0.0,0.0,51.0,0.0,54.0,0.0,0.0,0.0,0.0,0.0,0.0,0.0,0.0,0.0,27.0,0.0,0.0,0.0,29.0,0.0,0.0,0.0,0.0,0.0,54.0,0.0,67.0,0.0,0.0,56.0,51.0,0.0,0.0,0.0,0.0,11.0,39.0,30.0,0.0,0.0,0.0,0.0,0.0,0.339559
2012-24,0.339559,7.0,0.0,0.0,0.0,0.0,0.0,0.0,0.0,0.0,51.0,0.0,54.0,0.0,0.0,0.0,0.0,0.0,0.0,0.0,0.0,0.0,27.0,0.0,0.0,0.0,29.0,0.0,0.0,0.0,0.0,0.0,54.0,0.0,67.0,0.0,0.0,56.0,51.0,0.0,0.0,0.0,0.0,11.0,39.0,30.0,0.0,0.0,0.0,0.0,0.0,0.268097
2012-25,0.268097,7.0,0.0,0.0,0.0,0.0,0.0,0.0,0.0,0.0,51.0,0.0,54.0,0.0,0.0,0.0,0.0,0.0,0.0,0.0,0.0,0.0,27.0,0.0,0.0,0.0,29.0,0.0,0.0,0.0,0.0,0.0,54.0,0.0,67.0,0.0,0.0,56.0,51.0,0.0,0.0,0.0,0.0,11.0,39.0,30.0,0.0,0.0,0.0,0.0,0.0,0.42803599999999997
2012-26,0.42803599999999997,7.0,0.0,0.0,0.0,0.0,0.0,0.0,0.0,0.0,51.0,0.0,54.0,0.0,0.0,0.0,0.0,0.0,0.0,0.0,0.0,0.0,27.0,0.0,0.0,0.0,29.0,0.0,0.0,0.0,0.0,0.0,54.0,0.0,67.0,0.0,0.0,56.0,51.0,0.0,0.0,0.0,0.0,11.0,39.0,30.0,0.0,0.0,0.0,0.0,0.0,0.38043499999999997
2012-27,0.38043499999999997,10.0,0.0,0.0,26.0,0.0,65.0,0.0,0.0,0.0,47.0,0.0,0.0,0.0,0.0,38.0,0.0,0.0,0.0,0.0,0.0,0.0,36.0,0.0,0.0,0.0,0.0,0.0,0.0,0.0,0.0,0.0,0.0,0.0,0.0,0.0,0.0,0.0,0.0,0.0,0.0,0.0,68.0,10.0,37.0,14.0,0.0,0.0,0.0,0.0,0.0,0.326797
2012-28,0.326797,10.0,0.0,0.0,26.0,0.0,65.0,0.0,0.0,0.0,47.0,0.0,0.0,0.0,0.0,38.0,0.0,0.0,0.0,0.0,0.0,0.0,36.0,0.0,0.0,0.0,0.0,0.0,0.0,0.0,0.0,0.0,0.0,0.0,0.0,0.0,0.0,0.0,0.0,0.0,0.0,0.0,68.0,10.0,37.0,14.0,0.0,0.0,0.0,0.0,0.0,0.30426
2012-29,0.30426,10.0,0.0,0.0,26.0,0.0,65.0,0.0,0.0,0.0,47.0,0.0,0.0,0.0,0.0,38.0,0.0,0.0,0.0,0.0,0.0,0.0,36.0,0.0,0.0,0.0,0.0,0.0,0.0,0.0,0.0,0.0,0.0,0.0,0.0,0.0,0.0,0.0,0.0,0.0,0.0,0.0,68.0,10.0,37.0,14.0,0.0,0.0,0.0,0.0,0.0,0.292398
2012-30,0.292398,10.0,0.0,0.0,26.0,0.0,65.0,0.0,0.0,0.0,47.0,0.0,0.0,0.0,0.0,38.0,0.0,0.0,0.0,0.0,0.0,0.0,36.0,0.0,0.0,0.0,0.0,0.0,0.0,0.0,0.0,0.0,0.0,0.0,0.0,0.0,0.0,0.0,0.0,0.0,0.0,0.0,68.0,10.0,37.0,14.0,0.0,0.0,0.0,0.0,0.0,0.262881
2012-31,0.262881,10.0,0.0,0.0,26.0,0.0,65.0,0.0,0.0,0.0,47.0,0.0,0.0,0.0,0.0,38.0,0.0,0.0,0.0,0.0,0.0,0.0,36.0,0.0,0.0,0.0,0.0,0.0,0.0,0.0,0.0,0.0,0.0,0.0,0.0,0.0,0.0,0.0,0.0,0.0,0.0,0.0,68.0,10.0,37.0,14.0,0.0,0.0,0.0,0.0,0.0,0.27203499999999997
2012-32,0.27203499999999997,21.0,0.0,20.0,45.0,0.0,49.0,23.0,0.0,0.0,56.0,0.0,0.0,0.0,0.0,39.0,0.0,0.0,0.0,0.0,70.0,0.0,48.0,0.0,0.0,0.0,28.0,0.0,0.0,0.0,54.0,0.0,0.0,0.0,0.0,63.0,0.0,0.0,0.0,0.0,0.0,0.0,0.0,36.0,0.0,14.0,55.0,0.0,0.0,0.0,0.0,0.09803919999999999
2012-33,0.09803919999999999,21.0,0.0,20.0,45.0,0.0,49.0,23.0,0.0,0.0,56.0,0.0,0.0,0.0,0.0,39.0,0.0,0.0,0.0,0.0,70.0,0.0,48.0,0.0,0.0,0.0,28.0,0.0,0.0,0.0,54.0,0.0,0.0,0.0,0.0,63.0,0.0,0.0,0.0,0.0,0.0,0.0,0.0,36.0,0.0,14.0,55.0,0.0,0.0,0.0,0.0,0.149775
2012-34,0.149775,21.0,0.0,20.0,45.0,0.0,49.0,23.0,0.0,0.0,56.0,0.0,0.0,0.0,0.0,39.0,0.0,0.0,0.0,0.0,70.0,0.0,48.0,0.0,0.0,0.0,28.0,0.0,0.0,0.0,54.0,0.0,0.0,0.0,0.0,63.0,0.0,0.0,0.0,0.0,0.0,0.0,0.0,36.0,0.0,14.0,55.0,0.0,0.0,0.0,0.0,0.150527
2012-35,0.150527,21.0,0.0,20.0,45.0,0.0,49.0,23.0,0.0,0.0,56.0,0.0,0.0,0.0,0.0,39.0,0.0,0.0,0.0,0.0,70.0,0.0,48.0,0.0,0.0,0.0,28.0,0.0,0.0,0.0,54.0,0.0,0.0,0.0,0.0,63.0,0.0,0.0,0.0,0.0,0.0,0.0,0.0,36.0,0.0,14.0,55.0,0.0,0.0,0.0,0.0,0.611621
2012-36,0.611621,25.0,0.0,37.0,24.0,0.0,0.0,17.0,26.0,0.0,30.0,0.0,0.0,0.0,0.0,71.0,0.0,0.0,0.0,0.0,0.0,0.0,33.0,0.0,0.0,0.0,26.0,40.0,0.0,0.0,0.0,0.0,0.0,0.0,0.0,0.0,0.0,0.0,0.0,0.0,0.0,0.0,0.0,19.0,52.0,13.0,0.0,49.0,26.0,0.0,0.0,0.628627
2012-37,0.628627,25.0,0.0,37.0,24.0,0.0,0.0,17.0,26.0,0.0,30.0,0.0,0.0,0.0,0.0,71.0,0.0,0.0,0.0,0.0,0.0,0.0,33.0,0.0,0.0,0.0,26.0,40.0,0.0,0.0,0.0,0.0,0.0,0.0,0.0,0.0,0.0,0.0,0.0,0.0,0.0,0.0,0.0,19.0,52.0,13.0,0.0,49.0,26.0,0.0,0.0,0.229226
2012-38,0.229226,25.0,0.0,37.0,24.0,0.0,0.0,17.0,26.0,0.0,30.0,0.0,0.0,0.0,0.0,71.0,0.0,0.0,0.0,0.0,0.0,0.0,33.0,0.0,0.0,0.0,26.0,40.0,0.0,0.0,0.0,0.0,0.0,0.0,0.0,0.0,0.0,0.0,0.0,0.0,0.0,0.0,0.0,19.0,52.0,13.0,0.0,49.0,26.0,0.0,0.0,0.568182
2012-39,0.568182,25.0,0.0,37.0,24.0,0.0,0.0,17.0,26.0,0.0,30.0,0.0,0.0,0.0,0.0,71.0,0.0,0.0,0.0,0.0,0.0,0.0,33.0,0.0,0.0,0.0,26.0,40.0,0.0,0.0,0.0,0.0,0.0,0.0,0.0,0.0,0.0,0.0,0.0,0.0,0.0,0.0,0.0,19.0,52.0,13.0,0.0,49.0,26.0,0.0,0.0,1.1989299999999998
2012-40,1.1989299999999998,25.0,0.0,37.0,24.0,0.0,0.0,17.0,26.0,0.0,30.0,0.0,0.0,0.0,0.0,71.0,0.0,0.0,0.0,0.0,0.0,0.0,33.0,0.0,0.0,0.0,26.0,40.0,0.0,0.0,0.0,0.0,0.0,0.0,0.0,0.0,0.0,0.0,0.0,0.0,0.0,0.0,0.0,19.0,52.0,13.0,0.0,49.0,26.0,0.0,0.0,0.847035
2012-41,0.847035,39.0,39.0,38.0,62.0,32.0,0.0,21.0,26.0,0.0,45.0,28.0,48.0,0.0,28.0,37.0,0.0,0.0,0.0,0.0,0.0,0.0,31.0,28.0,0.0,0.0,0.0,40.0,92.0,46.0,50.0,75.0,48.0,0.0,0.0,0.0,0.0,100.0,0.0,0.0,37.0,0.0,0.0,24.0,0.0,41.0,50.0,0.0,26.0,0.0,0.0,0.9862780000000001
2012-42,0.9862780000000001,39.0,39.0,38.0,62.0,32.0,0.0,21.0,26.0,0.0,45.0,28.0,48.0,0.0,28.0,37.0,0.0,0.0,0.0,0.0,0.0,0.0,31.0,28.0,0.0,0.0,0.0,40.0,92.0,46.0,50.0,75.0,48.0,0.0,0.0,0.0,0.0,100.0,0.0,0.0,37.0,0.0,0.0,24.0,0.0,41.0,50.0,0.0,26.0,0.0,0.0,1.17493
2012-43,1.17493,39.0,39.0,38.0,62.0,32.0,0.0,21.0,26.0,0.0,45.0,28.0,48.0,0.0,28.0,37.0,0.0,0.0,0.0,0.0,0.0,0.0,31.0,28.0,0.0,0.0,0.0,40.0,92.0,46.0,50.0,75.0,48.0,0.0,0.0,0.0,0.0,100.0,0.0,0.0,37.0,0.0,0.0,24.0,0.0,41.0,50.0,0.0,26.0,0.0,0.0,1.37533
2012-44,1.37533,39.0,39.0,38.0,62.0,32.0,0.0,21.0,26.0,0.0,45.0,28.0,48.0,0.0,28.0,37.0,0.0,0.0,0.0,0.0,0.0,0.0,31.0,28.0,0.0,0.0,0.0,40.0,92.0,46.0,50.0,75.0,48.0,0.0,0.0,0.0,0.0,100.0,0.0,0.0,37.0,0.0,0.0,24.0,0.0,41.0,50.0,0.0,26.0,0.0,0.0,1.32979
2012-45,1.32979,32.0,58.0,62.0,14.0,0.0,0.0,19.0,58.0,0.0,100.0,0.0,0.0,41.0,0.0,40.0,41.0,58.0,0.0,0.0,0.0,100.0,68.0,0.0,0.0,0.0,29.0,44.0,0.0,100.0,0.0,0.0,0.0,0.0,66.0,0.0,0.0,55.0,0.0,56.0,0.0,0.0,0.0,42.0,0.0,15.0,0.0,0.0,58.0,29.0,0.0,1.03704
2012-46,1.03704,32.0,58.0,62.0,14.0,0.0,0.0,19.0,58.0,0.0,100.0,0.0,0.0,41.0,0.0,40.0,41.0,58.0,0.0,0.0,0.0,100.0,68.0,0.0,0.0,0.0,29.0,44.0,0.0,100.0,0.0,0.0,0.0,0.0,66.0,0.0,0.0,55.0,0.0,56.0,0.0,0.0,0.0,42.0,0.0,15.0,0.0,0.0,58.0,29.0,0.0,1.66667
2012-47,1.66667,32.0,58.0,62.0,14.0,0.0,0.0,19.0,58.0,0.0,100.0,0.0,0.0,41.0,0.0,40.0,41.0,58.0,0.0,0.0,0.0,100.0,68.0,0.0,0.0,0.0,29.0,44.0,0.0,100.0,0.0,0.0,0.0,0.0,66.0,0.0,0.0,55.0,0.0,56.0,0.0,0.0,0.0,42.0,0.0,15.0,0.0,0.0,58.0,29.0,0.0,1.52439
2012-48,1.52439,32.0,58.0,62.0,14.0,0.0,0.0,19.0,58.0,0.0,100.0,0.0,0.0,41.0,0.0,40.0,41.0,58.0,0.0,0.0,0.0,100.0,68.0,0.0,0.0,0.0,29.0,44.0,0.0,100.0,0.0,0.0,0.0,0.0,66.0,0.0,0.0,55.0,0.0,56.0,0.0,0.0,0.0,42.0,0.0,15.0,0.0,0.0,58.0,29.0,0.0,1.49953
2012-49,1.49953,22.0,28.0,20.0,17.0,33.0,32.0,18.0,28.0,0.0,47.0,30.0,0.0,0.0,30.0,39.0,0.0,0.0,0.0,0.0,0.0,0.0,29.0,0.0,0.0,0.0,0.0,0.0,0.0,0.0,26.0,0.0,0.0,0.0,0.0,0.0,0.0,0.0,0.0,0.0,0.0,0.0,0.0,15.0,0.0,14.0,0.0,0.0,28.0,27.0,0.0,2.81818
2012-50,2.81818,22.0,28.0,20.0,17.0,33.0,32.0,18.0,28.0,0.0,47.0,30.0,0.0,0.0,30.0,39.0,0.0,0.0,0.0,0.0,0.0,0.0,29.0,0.0,0.0,0.0,0.0,0.0,0.0,0.0,26.0,0.0,0.0,0.0,0.0,0.0,0.0,0.0,0.0,0.0,0.0,0.0,0.0,15.0,0.0,14.0,0.0,0.0,28.0,27.0,0.0,2.21687
2012-51,2.21687,22.0,28.0,20.0,17.0,33.0,32.0,18.0,28.0,0.0,47.0,30.0,0.0,0.0,30.0,39.0,0.0,0.0,0.0,0.0,0.0,0.0,29.0,0.0,0.0,0.0,0.0,0.0,0.0,0.0,26.0,0.0,0.0,0.0,0.0,0.0,0.0,0.0,0.0,0.0,0.0,0.0,0.0,15.0,0.0,14.0,0.0,0.0,28.0,27.0,0.0,4.07855
2012-52,4.07855,22.0,28.0,20.0,17.0,33.0,32.0,18.0,28.0,0.0,47.0,30.0,0.0,0.0,30.0,39.0,0.0,0.0,0.0,0.0,0.0,0.0,29.0,0.0,0.0,0.0,0.0,0.0,0.0,0.0,26.0,0.0,0.0,0.0,0.0,0.0,0.0,0.0,0.0,0.0,0.0,0.0,0.0,15.0,0.0,14.0,0.0,0.0,28.0,27.0,0.0,2.16573
2013-01,2.16573,18.0,0.0,76.0,19.0,71.0,56.0,0.0,24.0,0.0,68.0,0.0,0.0,0.0,0.0,33.0,0.0,0.0,0.0,0.0,0.0,40.0,40.0,25.0,0.0,0.0,0.0,0.0,0.0,41.0,23.0,0.0,0.0,0.0,0.0,52.0,0.0,0.0,41.0,0.0,0.0,0.0,0.0,17.0,0.0,37.0,0.0,0.0,24.0,0.0,52.0,2.2643299999999997
2013-02,2.2643299999999997,18.0,0.0,76.0,19.0,71.0,56.0,0.0,24.0,0.0,68.0,0.0,0.0,0.0,0.0,33.0,0.0,0.0,0.0,0.0,0.0,40.0,40.0,25.0,0.0,0.0,0.0,0.0,0.0,41.0,23.0,0.0,0.0,0.0,0.0,52.0,0.0,0.0,41.0,0.0,0.0,0.0,0.0,17.0,0.0,37.0,0.0,0.0,24.0,0.0,52.0,2.5327900000000003
2013-03,2.5327900000000003,18.0,0.0,76.0,19.0,71.0,56.0,0.0,24.0,0.0,68.0,0.0,0.0,0.0,0.0,33.0,0.0,0.0,0.0,0.0,0.0,40.0,40.0,25.0,0.0,0.0,0.0,0.0,0.0,41.0,23.0,0.0,0.0,0.0,0.0,52.0,0.0,0.0,41.0,0.0,0.0,0.0,0.0,17.0,0.0,37.0,0.0,0.0,24.0,0.0,52.0,0.979858
2013-04,0.979858,18.0,0.0,76.0,19.0,71.0,56.0,0.0,24.0,0.0,68.0,0.0,0.0,0.0,0.0,33.0,0.0,0.0,0.0,0.0,0.0,40.0,40.0,25.0,0.0,0.0,0.0,0.0,0.0,41.0,23.0,0.0,0.0,0.0,0.0,52.0,0.0,0.0,41.0,0.0,0.0,0.0,0.0,17.0,0.0,37.0,0.0,0.0,24.0,0.0,52.0,2.4763599999999997
2013-05,2.4763599999999997,18.0,0.0,76.0,19.0,71.0,56.0,0.0,24.0,0.0,68.0,0.0,0.0,0.0,0.0,33.0,0.0,0.0,0.0,0.0,0.0,40.0,40.0,25.0,0.0,0.0,0.0,0.0,0.0,41.0,23.0,0.0,0.0,0.0,0.0,52.0,0.0,0.0,41.0,0.0,0.0,0.0,0.0,17.0,0.0,37.0,0.0,0.0,24.0,0.0,52.0,1.56726
2013-06,1.56726,18.0,0.0,76.0,19.0,71.0,56.0,0.0,24.0,0.0,68.0,0.0,0.0,0.0,0.0,33.0,0.0,0.0,0.0,0.0,0.0,40.0,40.0,25.0,0.0,0.0,0.0,0.0,0.0,41.0,23.0,0.0,0.0,0.0,0.0,52.0,0.0,0.0,41.0,0.0,0.0,0.0,0.0,17.0,0.0,37.0,0.0,0.0,24.0,0.0,52.0,1.04879
2013-07,1.04879,18.0,0.0,76.0,19.0,71.0,56.0,0.0,24.0,0.0,68.0,0.0,0.0,0.0,0.0,33.0,0.0,0.0,0.0,0.0,0.0,40.0,40.0,25.0,0.0,0.0,0.0,0.0,0.0,41.0,23.0,0.0,0.0,0.0,0.0,52.0,0.0,0.0,41.0,0.0,0.0,0.0,0.0,17.0,0.0,37.0,0.0,0.0,24.0,0.0,52.0,0.8978200000000001
2013-08,0.8978200000000001,18.0,0.0,76.0,19.0,71.0,56.0,0.0,24.0,0.0,68.0,0.0,0.0,0.0,0.0,33.0,0.0,0.0,0.0,0.0,0.0,40.0,40.0,25.0,0.0,0.0,0.0,0.0,0.0,41.0,23.0,0.0,0.0,0.0,0.0,52.0,0.0,0.0,41.0,0.0,0.0,0.0,0.0,17.0,0.0,37.0,0.0,0.0,24.0,0.0,52.0,1.0296
2013-09,1.0296,18.0,0.0,76.0,19.0,71.0,56.0,0.0,24.0,0.0,68.0,0.0,0.0,0.0,0.0,33.0,0.0,0.0,0.0,0.0,0.0,40.0,40.0,25.0,0.0,0.0,0.0,0.0,0.0,41.0,23.0,0.0,0.0,0.0,0.0,52.0,0.0,0.0,41.0,0.0,0.0,0.0,0.0,17.0,0.0,37.0,0.0,0.0,24.0,0.0,52.0,0.57923
2013-10,0.57923,18.0,0.0,76.0,19.0,71.0,56.0,0.0,24.0,0.0,68.0,0.0,0.0,0.0,0.0,33.0,0.0,0.0,0.0,0.0,0.0,40.0,40.0,25.0,0.0,0.0,0.0,0.0,0.0,41.0,23.0,0.0,0.0,0.0,0.0,52.0,0.0,0.0,41.0,0.0,0.0,0.0,0.0,17.0,0.0,37.0,0.0,0.0,24.0,0.0,52.0,1.13086
2013-11,1.13086,18.0,0.0,76.0,19.0,71.0,56.0,0.0,24.0,0.0,68.0,0.0,0.0,0.0,0.0,33.0,0.0,0.0,0.0,0.0,0.0,40.0,40.0,25.0,0.0,0.0,0.0,0.0,0.0,41.0,23.0,0.0,0.0,0.0,0.0,52.0,0.0,0.0,41.0,0.0,0.0,0.0,0.0,17.0,0.0,37.0,0.0,0.0,24.0,0.0,52.0,1.0135100000000001
2013-12,1.0135100000000001,18.0,0.0,76.0,19.0,71.0,56.0,0.0,24.0,0.0,68.0,0.0,0.0,0.0,0.0,33.0,0.0,0.0,0.0,0.0,0.0,40.0,40.0,25.0,0.0,0.0,0.0,0.0,0.0,41.0,23.0,0.0,0.0,0.0,0.0,52.0,0.0,0.0,41.0,0.0,0.0,0.0,0.0,17.0,0.0,37.0,0.0,0.0,24.0,0.0,52.0,0.9162299999999999
2013-13,0.9162299999999999,18.0,0.0,76.0,19.0,71.0,56.0,0.0,24.0,0.0,68.0,0.0,0.0,0.0,0.0,33.0,0.0,0.0,0.0,0.0,0.0,40.0,40.0,25.0,0.0,0.0,0.0,0.0,0.0,41.0,23.0,0.0,0.0,0.0,0.0,52.0,0.0,0.0,41.0,0.0,0.0,0.0,0.0,17.0,0.0,37.0,0.0,0.0,24.0,0.0,52.0,0.333778
2013-14,0.333778,18.0,0.0,76.0,19.0,71.0,56.0,0.0,24.0,0.0,68.0,0.0,0.0,0.0,0.0,33.0,0.0,0.0,0.0,0.0,0.0,40.0,40.0,25.0,0.0,0.0,0.0,0.0,0.0,41.0,23.0,0.0,0.0,0.0,0.0,52.0,0.0,0.0,41.0,0.0,0.0,0.0,0.0,17.0,0.0,37.0,0.0,0.0,24.0,0.0,52.0,0.71475
2013-15,0.71475,12.0,0.0,35.0,0.0,30.0,29.0,0.0,0.0,53.0,49.0,0.0,45.0,0.0,0.0,34.0,0.0,0.0,0.0,0.0,0.0,0.0,38.0,0.0,0.0,0.0,0.0,0.0,0.0,0.0,0.0,0.0,45.0,0.0,0.0,0.0,0.0,0.0,0.0,0.0,0.0,0.0,0.0,18.0,0.0,38.0,0.0,0.0,0.0,0.0,53.0,1.31579
2013-16,1.31579,12.0,0.0,35.0,0.0,30.0,29.0,0.0,0.0,53.0,49.0,0.0,45.0,0.0,0.0,34.0,0.0,0.0,0.0,0.0,0.0,0.0,38.0,0.0,0.0,0.0,0.0,0.0,0.0,0.0,0.0,0.0,45.0,0.0,0.0,0.0,0.0,0.0,0.0,0.0,0.0,0.0,0.0,18.0,0.0,38.0,0.0,0.0,0.0,0.0,53.0,0.7868850000000001
2013-17,0.7868850000000001,12.0,0.0,35.0,0.0,30.0,29.0,0.0,0.0,53.0,49.0,0.0,45.0,0.0,0.0,34.0,0.0,0.0,0.0,0.0,0.0,0.0,38.0,0.0,0.0,0.0,0.0,0.0,0.0,0.0,0.0,0.0,45.0,0.0,0.0,0.0,0.0,0.0,0.0,0.0,0.0,0.0,0.0,18.0,0.0,38.0,0.0,0.0,0.0,0.0,53.0,0.8561639999999999
2013-18,0.8561639999999999,12.0,0.0,35.0,0.0,30.0,29.0,0.0,0.0,53.0,49.0,0.0,45.0,0.0,0.0,34.0,0.0,0.0,0.0,0.0,0.0,0.0,38.0,0.0,0.0,0.0,0.0,0.0,0.0,0.0,0.0,0.0,45.0,0.0,0.0,0.0,0.0,0.0,0.0,0.0,0.0,0.0,0.0,18.0,0.0,38.0,0.0,0.0,0.0,0.0,53.0,0.17301
2013-19,0.17301,11.0,0.0,0.0,22.0,0.0,33.0,9.0,0.0,0.0,48.0,0.0,0.0,0.0,0.0,39.0,0.0,0.0,0.0,0.0,0.0,0.0,15.0,0.0,64.0,0.0,0.0,0.0,0.0,0.0,27.0,0.0,0.0,0.0,0.0,0.0,0.0,0.0,0.0,0.0,0.0,0.0,0.0,10.0,0.0,14.0,0.0,0.0,0.0,55.0,0.0,1.13452
2013-20,1.13452,11.0,0.0,0.0,22.0,0.0,33.0,9.0,0.0,0.0,48.0,0.0,0.0,0.0,0.0,39.0,0.0,0.0,0.0,0.0,0.0,0.0,15.0,0.0,64.0,0.0,0.0,0.0,0.0,0.0,27.0,0.0,0.0,0.0,0.0,0.0,0.0,0.0,0.0,0.0,0.0,0.0,0.0,10.0,0.0,14.0,0.0,0.0,0.0,55.0,0.0,0.600109
2013-21,0.600109,11.0,0.0,0.0,22.0,0.0,33.0,9.0,0.0,0.0,48.0,0.0,0.0,0.0,0.0,39.0,0.0,0.0,0.0,0.0,0.0,0.0,15.0,0.0,64.0,0.0,0.0,0.0,0.0,0.0,27.0,0.0,0.0,0.0,0.0,0.0,0.0,0.0,0.0,0.0,0.0,0.0,0.0,10.0,0.0,14.0,0.0,0.0,0.0,55.0,0.0,0.163399
2013-22,0.163399,11.0,0.0,0.0,22.0,0.0,33.0,9.0,0.0,0.0,48.0,0.0,0.0,0.0,0.0,39.0,0.0,0.0,0.0,0.0,0.0,0.0,15.0,0.0,64.0,0.0,0.0,0.0,0.0,0.0,27.0,0.0,0.0,0.0,0.0,0.0,0.0,0.0,0.0,0.0,0.0,0.0,0.0,10.0,0.0,14.0,0.0,0.0,0.0,55.0,0.0,0.176991
2013-23,0.176991,7.0,0.0,73.0,16.0,0.0,0.0,0.0,0.0,0.0,37.0,0.0,47.0,0.0,0.0,0.0,0.0,0.0,0.0,0.0,0.0,44.0,20.0,27.0,0.0,0.0,76.0,0.0,0.0,0.0,25.0,0.0,47.0,0.0,0.0,57.0,0.0,0.0,44.0,0.0,0.0,0.0,0.0,9.0,34.0,13.0,0.0,0.0,0.0,0.0,0.0,0.123839
2013-24,0.123839,7.0,0.0,73.0,16.0,0.0,0.0,0.0,0.0,0.0,37.0,0.0,47.0,0.0,0.0,0.0,0.0,0.0,0.0,0.0,0.0,44.0,20.0,27.0,0.0,0.0,76.0,0.0,0.0,0.0,25.0,0.0,47.0,0.0,0.0,57.0,0.0,0.0,44.0,0.0,0.0,0.0,0.0,9.0,34.0,13.0,0.0,0.0,0.0,0.0,0.0,0.056529099999999985
2013-25,0.056529099999999985,7.0,0.0,73.0,16.0,0.0,0.0,0.0,0.0,0.0,37.0,0.0,47.0,0.0,0.0,0.0,0.0,0.0,0.0,0.0,0.0,44.0,20.0,27.0,0.0,0.0,76.0,0.0,0.0,0.0,25.0,0.0,47.0,0.0,0.0,57.0,0.0,0.0,44.0,0.0,0.0,0.0,0.0,9.0,34.0,13.0,0.0,0.0,0.0,0.0,0.0,0.0001
2013-26,0.0001,7.0,0.0,73.0,16.0,0.0,0.0,0.0,0.0,0.0,37.0,0.0,47.0,0.0,0.0,0.0,0.0,0.0,0.0,0.0,0.0,44.0,20.0,27.0,0.0,0.0,76.0,0.0,0.0,0.0,25.0,0.0,47.0,0.0,0.0,57.0,0.0,0.0,44.0,0.0,0.0,0.0,0.0,9.0,34.0,13.0,0.0,0.0,0.0,0.0,0.0,0.0001
2013-27,0.0001,7.0,0.0,73.0,16.0,0.0,0.0,0.0,0.0,0.0,37.0,0.0,47.0,0.0,0.0,0.0,0.0,0.0,0.0,0.0,0.0,44.0,20.0,27.0,0.0,0.0,76.0,0.0,0.0,0.0,25.0,0.0,47.0,0.0,0.0,57.0,0.0,0.0,44.0,0.0,0.0,0.0,0.0,9.0,34.0,13.0,0.0,0.0,0.0,0.0,0.0,0.22107600000000002
2013-28,0.22107600000000002,10.0,0.0,0.0,8.0,0.0,29.0,0.0,0.0,0.0,35.0,0.0,0.0,0.0,0.0,34.0,0.0,0.0,0.0,0.0,0.0,0.0,16.0,26.0,0.0,0.0,0.0,0.0,0.0,0.0,0.0,0.0,0.0,0.0,0.0,0.0,0.0,0.0,0.0,0.0,0.0,0.0,0.0,13.0,33.0,0.0,0.0,0.0,0.0,0.0,0.0,0.21231399999999997
2013-29,0.21231399999999997,10.0,0.0,0.0,8.0,0.0,29.0,0.0,0.0,0.0,35.0,0.0,0.0,0.0,0.0,34.0,0.0,0.0,0.0,0.0,0.0,0.0,16.0,26.0,0.0,0.0,0.0,0.0,0.0,0.0,0.0,0.0,0.0,0.0,0.0,0.0,0.0,0.0,0.0,0.0,0.0,0.0,0.0,13.0,33.0,0.0,0.0,0.0,0.0,0.0,0.0,0.163577
2013-30,0.163577,10.0,0.0,0.0,8.0,0.0,29.0,0.0,0.0,0.0,35.0,0.0,0.0,0.0,0.0,34.0,0.0,0.0,0.0,0.0,0.0,0.0,16.0,26.0,0.0,0.0,0.0,0.0,0.0,0.0,0.0,0.0,0.0,0.0,0.0,0.0,0.0,0.0,0.0,0.0,0.0,0.0,0.0,13.0,33.0,0.0,0.0,0.0,0.0,0.0,0.0,0.0521376
2013-31,0.0521376,10.0,0.0,0.0,8.0,0.0,29.0,0.0,0.0,0.0,35.0,0.0,0.0,0.0,0.0,34.0,0.0,0.0,0.0,0.0,0.0,0.0,16.0,26.0,0.0,0.0,0.0,0.0,0.0,0.0,0.0,0.0,0.0,0.0,0.0,0.0,0.0,0.0,0.0,0.0,0.0,0.0,0.0,13.0,33.0,0.0,0.0,0.0,0.0,0.0,0.0,0.361228
2013-32,0.361228,24.0,0.0,35.0,19.0,0.0,29.0,24.0,24.0,0.0,21.0,0.0,0.0,0.0,0.0,0.0,0.0,0.0,0.0,0.0,0.0,0.0,25.0,26.0,0.0,0.0,24.0,75.0,0.0,0.0,0.0,34.0,0.0,17.0,0.0,54.0,0.0,0.0,0.0,0.0,0.0,0.0,0.0,18.0,0.0,25.0,0.0,0.0,24.0,0.0,0.0,0.279486
2013-33,0.279486,24.0,0.0,35.0,19.0,0.0,29.0,24.0,24.0,0.0,21.0,0.0,0.0,0.0,0.0,0.0,0.0,0.0,0.0,0.0,0.0,0.0,25.0,26.0,0.0,0.0,24.0,75.0,0.0,0.0,0.0,34.0,0.0,17.0,0.0,54.0,0.0,0.0,0.0,0.0,0.0,0.0,0.0,18.0,0.0,25.0,0.0,0.0,24.0,0.0,0.0,0.180505
2013-34,0.180505,24.0,0.0,35.0,19.0,0.0,29.0,24.0,24.0,0.0,21.0,0.0,0.0,0.0,0.0,0.0,0.0,0.0,0.0,0.0,0.0,0.0,25.0,26.0,0.0,0.0,24.0,75.0,0.0,0.0,0.0,34.0,0.0,17.0,0.0,54.0,0.0,0.0,0.0,0.0,0.0,0.0,0.0,18.0,0.0,25.0,0.0,0.0,24.0,0.0,0.0,0.234742
2013-35,0.234742,24.0,0.0,35.0,19.0,0.0,29.0,24.0,24.0,0.0,21.0,0.0,0.0,0.0,0.0,0.0,0.0,0.0,0.0,0.0,0.0,0.0,25.0,26.0,0.0,0.0,24.0,75.0,0.0,0.0,0.0,34.0,0.0,17.0,0.0,54.0,0.0,0.0,0.0,0.0,0.0,0.0,0.0,18.0,0.0,25.0,0.0,0.0,24.0,0.0,0.0,0.36954899999999996
2013-36,0.36954899999999996,27.0,23.0,17.0,22.0,56.0,83.0,53.0,23.0,0.0,40.0,0.0,43.0,33.0,0.0,65.0,33.0,93.0,0.0,0.0,0.0,0.0,18.0,24.0,0.0,0.0,23.0,72.0,0.0,81.0,34.0,0.0,43.0,0.0,0.0,0.0,0.0,45.0,0.0,0.0,0.0,0.0,0.0,17.0,63.0,12.0,0.0,0.0,23.0,0.0,0.0,0.6085189999999999
2013-37,0.6085189999999999,27.0,23.0,17.0,22.0,56.0,83.0,53.0,23.0,0.0,40.0,0.0,43.0,33.0,0.0,65.0,33.0,93.0,0.0,0.0,0.0,0.0,18.0,24.0,0.0,0.0,23.0,72.0,0.0,81.0,34.0,0.0,43.0,0.0,0.0,0.0,0.0,45.0,0.0,0.0,0.0,0.0,0.0,17.0,63.0,12.0,0.0,0.0,23.0,0.0,0.0,0.8944540000000001
2013-38,0.8944540000000001,27.0,23.0,17.0,22.0,56.0,83.0,53.0,23.0,0.0,40.0,0.0,43.0,33.0,0.0,65.0,33.0,93.0,0.0,0.0,0.0,0.0,18.0,24.0,0.0,0.0,23.0,72.0,0.0,81.0,34.0,0.0,43.0,0.0,0.0,0.0,0.0,45.0,0.0,0.0,0.0,0.0,0.0,17.0,63.0,12.0,0.0,0.0,23.0,0.0,0.0,0.517241
2013-39,0.517241,27.0,23.0,17.0,22.0,56.0,83.0,53.0,23.0,0.0,40.0,0.0,43.0,33.0,0.0,65.0,33.0,93.0,0.0,0.0,0.0,0.0,18.0,24.0,0.0,0.0,23.0,72.0,0.0,81.0,34.0,0.0,43.0,0.0,0.0,0.0,0.0,45.0,0.0,0.0,0.0,0.0,0.0,17.0,63.0,12.0,0.0,0.0,23.0,0.0,0.0,0.6238
2013-40,0.6238,27.0,23.0,17.0,22.0,56.0,83.0,53.0,23.0,0.0,40.0,0.0,43.0,33.0,0.0,65.0,33.0,93.0,0.0,0.0,0.0,0.0,18.0,24.0,0.0,0.0,23.0,72.0,0.0,81.0,34.0,0.0,43.0,0.0,0.0,0.0,0.0,45.0,0.0,0.0,0.0,0.0,0.0,17.0,63.0,12.0,0.0,0.0,23.0,0.0,0.0,0.8389260000000001
2013-41,0.8389260000000001,43.0,24.0,17.0,31.0,0.0,57.0,24.0,24.0,52.0,49.0,0.0,0.0,34.0,0.0,34.0,34.0,0.0,0.0,0.0,0.0,0.0,51.0,25.0,0.0,0.0,36.0,37.0,0.0,0.0,47.0,0.0,0.0,100.0,0.0,0.0,0.0,0.0,0.0,0.0,0.0,0.0,0.0,27.0,33.0,25.0,0.0,0.0,24.0,0.0,53.0,0.655431
2013-42,0.655431,43.0,24.0,17.0,31.0,0.0,57.0,24.0,24.0,52.0,49.0,0.0,0.0,34.0,0.0,34.0,34.0,0.0,0.0,0.0,0.0,0.0,51.0,25.0,0.0,0.0,36.0,37.0,0.0,0.0,47.0,0.0,0.0,100.0,0.0,0.0,0.0,0.0,0.0,0.0,0.0,0.0,0.0,27.0,33.0,25.0,0.0,0.0,24.0,0.0,53.0,0.640732
2013-43,0.640732,43.0,24.0,17.0,31.0,0.0,57.0,24.0,24.0,52.0,49.0,0.0,0.0,34.0,0.0,34.0,34.0,0.0,0.0,0.0,0.0,0.0,51.0,25.0,0.0,0.0,36.0,37.0,0.0,0.0,47.0,0.0,0.0,100.0,0.0,0.0,0.0,0.0,0.0,0.0,0.0,0.0,0.0,27.0,33.0,25.0,0.0,0.0,24.0,0.0,53.0,0.45766599999999996
2013-44,0.45766599999999996,43.0,24.0,17.0,31.0,0.0,57.0,24.0,24.0,52.0,49.0,0.0,0.0,34.0,0.0,34.0,34.0,0.0,0.0,0.0,0.0,0.0,51.0,25.0,0.0,0.0,36.0,37.0,0.0,0.0,47.0,0.0,0.0,100.0,0.0,0.0,0.0,0.0,0.0,0.0,0.0,0.0,0.0,27.0,33.0,25.0,0.0,0.0,24.0,0.0,53.0,0.563258
2013-45,0.563258,36.0,0.0,34.0,38.0,0.0,28.0,19.0,36.0,0.0,75.0,26.0,0.0,100.0,26.0,50.0,100.0,48.0,47.0,56.0,59.0,0.0,50.0,25.0,54.0,0.0,24.0,36.0,0.0,0.0,46.0,0.0,0.0,0.0,0.0,53.0,0.0,0.0,0.0,47.0,100.0,0.0,88.0,26.0,32.0,37.0,0.0,44.0,36.0,0.0,0.0,0.42918500000000004
2013-46,0.42918500000000004,36.0,0.0,34.0,38.0,0.0,28.0,19.0,36.0,0.0,75.0,26.0,0.0,100.0,26.0,50.0,100.0,48.0,47.0,56.0,59.0,0.0,50.0,25.0,54.0,0.0,24.0,36.0,0.0,0.0,46.0,0.0,0.0,0.0,0.0,53.0,0.0,0.0,0.0,47.0,100.0,0.0,88.0,26.0,32.0,37.0,0.0,44.0,36.0,0.0,0.0,0.43988299999999997
2013-47,0.43988299999999997,36.0,0.0,34.0,38.0,0.0,28.0,19.0,36.0,0.0,75.0,26.0,0.0,100.0,26.0,50.0,100.0,48.0,47.0,56.0,59.0,0.0,50.0,25.0,54.0,0.0,24.0,36.0,0.0,0.0,46.0,0.0,0.0,0.0,0.0,53.0,0.0,0.0,0.0,47.0,100.0,0.0,88.0,26.0,32.0,37.0,0.0,44.0,36.0,0.0,0.0,0.32154299999999997
2013-48,0.32154299999999997,36.0,0.0,34.0,38.0,0.0,28.0,19.0,36.0,0.0,75.0,26.0,0.0,100.0,26.0,50.0,100.0,48.0,47.0,56.0,59.0,0.0,50.0,25.0,54.0,0.0,24.0,36.0,0.0,0.0,46.0,0.0,0.0,0.0,0.0,53.0,0.0,0.0,0.0,47.0,100.0,0.0,88.0,26.0,32.0,37.0,0.0,44.0,36.0,0.0,0.0,0.5891810000000001
2013-49,0.5891810000000001,15.0,23.0,33.0,11.0,0.0,54.0,0.0,0.0,0.0,47.0,0.0,0.0,65.0,0.0,48.0,65.0,0.0,0.0,0.0,0.0,40.0,48.0,0.0,53.0,0.0,69.0,0.0,81.0,40.0,22.0,0.0,0.0,0.0,0.0,0.0,0.0,0.0,0.0,0.0,0.0,0.0,0.0,25.0,31.0,12.0,0.0,0.0,0.0,0.0,0.0,1.3812200000000001
2013-50,1.3812200000000001,15.0,23.0,33.0,11.0,0.0,54.0,0.0,0.0,0.0,47.0,0.0,0.0,65.0,0.0,48.0,65.0,0.0,0.0,0.0,0.0,40.0,48.0,0.0,53.0,0.0,69.0,0.0,81.0,40.0,22.0,0.0,0.0,0.0,0.0,0.0,0.0,0.0,0.0,0.0,0.0,0.0,0.0,25.0,31.0,12.0,0.0,0.0,0.0,0.0,0.0,3.22917
2013-51,3.22917,15.0,23.0,33.0,11.0,0.0,54.0,0.0,0.0,0.0,47.0,0.0,0.0,65.0,0.0,48.0,65.0,0.0,0.0,0.0,0.0,40.0,48.0,0.0,53.0,0.0,69.0,0.0,81.0,40.0,22.0,0.0,0.0,0.0,0.0,0.0,0.0,0.0,0.0,0.0,0.0,0.0,0.0,25.0,31.0,12.0,0.0,0.0,0.0,0.0,0.0,5.30883
2013-52,5.30883,15.0,23.0,33.0,11.0,0.0,54.0,0.0,0.0,0.0,47.0,0.0,0.0,65.0,0.0,48.0,65.0,0.0,0.0,0.0,0.0,40.0,48.0,0.0,53.0,0.0,69.0,0.0,81.0,40.0,22.0,0.0,0.0,0.0,0.0,0.0,0.0,0.0,0.0,0.0,0.0,0.0,0.0,25.0,31.0,12.0,0.0,0.0,0.0,0.0,0.0,3.92749
2014-01,3.92749,15.0,23.0,33.0,11.0,0.0,54.0,0.0,0.0,0.0,47.0,0.0,0.0,65.0,0.0,48.0,65.0,0.0,0.0,0.0,0.0,40.0,48.0,0.0,53.0,0.0,69.0,0.0,81.0,40.0,22.0,0.0,0.0,0.0,0.0,0.0,0.0,0.0,0.0,0.0,0.0,0.0,0.0,25.0,31.0,12.0,0.0,0.0,0.0,0.0,0.0,3.4096
2014-02,3.4096,15.0,23.0,33.0,11.0,0.0,54.0,0.0,0.0,0.0,47.0,0.0,0.0,65.0,0.0,48.0,65.0,0.0,0.0,0.0,0.0,40.0,48.0,0.0,53.0,0.0,69.0,0.0,81.0,40.0,22.0,0.0,0.0,0.0,0.0,0.0,0.0,0.0,0.0,0.0,0.0,0.0,0.0,25.0,31.0,12.0,0.0,0.0,0.0,0.0,0.0,2.4935099999999997
2014-03,2.4935099999999997,15.0,23.0,33.0,11.0,0.0,54.0,0.0,0.0,0.0,47.0,0.0,0.0,65.0,0.0,48.0,65.0,0.0,0.0,0.0,0.0,40.0,48.0,0.0,53.0,0.0,69.0,0.0,81.0,40.0,22.0,0.0,0.0,0.0,0.0,0.0,0.0,0.0,0.0,0.0,0.0,0.0,0.0,25.0,31.0,12.0,0.0,0.0,0.0,0.0,0.0,1.85097
2014-04,1.85097,15.0,23.0,33.0,11.0,0.0,54.0,0.0,0.0,0.0,47.0,0.0,0.0,65.0,0.0,48.0,65.0,0.0,0.0,0.0,0.0,40.0,48.0,0.0,53.0,0.0,69.0,0.0,81.0,40.0,22.0,0.0,0.0,0.0,0.0,0.0,0.0,0.0,0.0,0.0,0.0,0.0,0.0,25.0,31.0,12.0,0.0,0.0,0.0,0.0,0.0,1.86667
2014-05,1.86667,15.0,23.0,33.0,11.0,0.0,54.0,0.0,0.0,0.0,47.0,0.0,0.0,65.0,0.0,48.0,65.0,0.0,0.0,0.0,0.0,40.0,48.0,0.0,53.0,0.0,69.0,0.0,81.0,40.0,22.0,0.0,0.0,0.0,0.0,0.0,0.0,0.0,0.0,0.0,0.0,0.0,0.0,25.0,31.0,12.0,0.0,0.0,0.0,0.0,0.0,1.60976
2014-06,1.60976,15.0,23.0,33.0,11.0,0.0,54.0,0.0,0.0,0.0,47.0,0.0,0.0,65.0,0.0,48.0,65.0,0.0,0.0,0.0,0.0,40.0,48.0,0.0,53.0,0.0,69.0,0.0,81.0,40.0,22.0,0.0,0.0,0.0,0.0,0.0,0.0,0.0,0.0,0.0,0.0,0.0,0.0,25.0,31.0,12.0,0.0,0.0,0.0,0.0,0.0,1.71518
2014-07,1.71518,15.0,23.0,33.0,11.0,0.0,54.0,0.0,0.0,0.0,47.0,0.0,0.0,65.0,0.0,48.0,65.0,0.0,0.0,0.0,0.0,40.0,48.0,0.0,53.0,0.0,69.0,0.0,81.0,40.0,22.0,0.0,0.0,0.0,0.0,0.0,0.0,0.0,0.0,0.0,0.0,0.0,0.0,25.0,31.0,12.0,0.0,0.0,0.0,0.0,0.0,0.664084
2014-08,0.664084,15.0,23.0,33.0,11.0,0.0,54.0,0.0,0.0,0.0,47.0,0.0,0.0,65.0,0.0,48.0,65.0,0.0,0.0,0.0,0.0,40.0,48.0,0.0,53.0,0.0,69.0,0.0,81.0,40.0,22.0,0.0,0.0,0.0,0.0,0.0,0.0,0.0,0.0,0.0,0.0,0.0,0.0,25.0,31.0,12.0,0.0,0.0,0.0,0.0,0.0,0.84246
2014-09,0.84246,15.0,23.0,33.0,11.0,0.0,54.0,0.0,0.0,0.0,47.0,0.0,0.0,65.0,0.0,48.0,65.0,0.0,0.0,0.0,0.0,40.0,48.0,0.0,53.0,0.0,69.0,0.0,81.0,40.0,22.0,0.0,0.0,0.0,0.0,0.0,0.0,0.0,0.0,0.0,0.0,0.0,0.0,25.0,31.0,12.0,0.0,0.0,0.0,0.0,0.0,0.9425879999999999
2014-10,0.9425879999999999,15.0,23.0,33.0,11.0,0.0,54.0,0.0,0.0,0.0,47.0,0.0,0.0,65.0,0.0,48.0,65.0,0.0,0.0,0.0,0.0,40.0,48.0,0.0,53.0,0.0,69.0,0.0,81.0,40.0,22.0,0.0,0.0,0.0,0.0,0.0,0.0,0.0,0.0,0.0,0.0,0.0,0.0,25.0,31.0,12.0,0.0,0.0,0.0,0.0,0.0,0.45214799999999994
2014-11,0.45214799999999994,15.0,23.0,33.0,11.0,0.0,54.0,0.0,0.0,0.0,47.0,0.0,0.0,65.0,0.0,48.0,65.0,0.0,0.0,0.0,0.0,40.0,48.0,0.0,53.0,0.0,69.0,0.0,81.0,40.0,22.0,0.0,0.0,0.0,0.0,0.0,0.0,0.0,0.0,0.0,0.0,0.0,0.0,25.0,31.0,12.0,0.0,0.0,0.0,0.0,0.0,0.740096
2014-12,0.740096,15.0,23.0,33.0,11.0,0.0,54.0,0.0,0.0,0.0,47.0,0.0,0.0,65.0,0.0,48.0,65.0,0.0,0.0,0.0,0.0,40.0,48.0,0.0,53.0,0.0,69.0,0.0,81.0,40.0,22.0,0.0,0.0,0.0,0.0,0.0,0.0,0.0,0.0,0.0,0.0,0.0,0.0,25.0,31.0,12.0,0.0,0.0,0.0,0.0,0.0,0.9223299999999999
2014-13,0.9223299999999999,15.0,23.0,33.0,11.0,0.0,54.0,0.0,0.0,0.0,47.0,0.0,0.0,65.0,0.0,48.0,65.0,0.0,0.0,0.0,0.0,40.0,48.0,0.0,53.0,0.0,69.0,0.0,81.0,40.0,22.0,0.0,0.0,0.0,0.0,0.0,0.0,0.0,0.0,0.0,0.0,0.0,0.0,25.0,31.0,12.0,0.0,0.0,0.0,0.0,0.0,0.868373
2014-14,0.868373,15.0,23.0,33.0,11.0,0.0,54.0,0.0,0.0,0.0,47.0,0.0,0.0,65.0,0.0,48.0,65.0,0.0,0.0,0.0,0.0,40.0,48.0,0.0,53.0,0.0,69.0,0.0,81.0,40.0,22.0,0.0,0.0,0.0,0.0,0.0,0.0,0.0,0.0,0.0,0.0,0.0,0.0,25.0,31.0,12.0,0.0,0.0,0.0,0.0,0.0,0.656234
2014-15,0.656234,8.0,51.0,18.0,8.0,0.0,29.0,0.0,0.0,0.0,43.0,0.0,0.0,0.0,0.0,35.0,0.0,0.0,0.0,0.0,0.0,0.0,33.0,27.0,0.0,0.0,37.0,0.0,0.0,0.0,0.0,0.0,0.0,0.0,0.0,0.0,0.0,0.0,0.0,0.0,0.0,0.0,0.0,0.0,34.0,26.0,0.0,0.0,0.0,0.0,0.0,0.8482559999999999
2014-16,0.8482559999999999,8.0,51.0,18.0,8.0,0.0,29.0,0.0,0.0,0.0,43.0,0.0,0.0,0.0,0.0,35.0,0.0,0.0,0.0,0.0,0.0,0.0,33.0,27.0,0.0,0.0,37.0,0.0,0.0,0.0,0.0,0.0,0.0,0.0,0.0,0.0,0.0,0.0,0.0,0.0,0.0,0.0,0.0,0.0,34.0,26.0,0.0,0.0,0.0,0.0,0.0,0.735294
2014-17,0.735294,8.0,51.0,18.0,8.0,0.0,29.0,0.0,0.0,0.0,43.0,0.0,0.0,0.0,0.0,35.0,0.0,0.0,0.0,0.0,0.0,0.0,33.0,27.0,0.0,0.0,37.0,0.0,0.0,0.0,0.0,0.0,0.0,0.0,0.0,0.0,0.0,0.0,0.0,0.0,0.0,0.0,0.0,0.0,34.0,26.0,0.0,0.0,0.0,0.0,0.0,0.562527
2014-18,0.562527,8.0,51.0,18.0,8.0,0.0,29.0,0.0,0.0,0.0,43.0,0.0,0.0,0.0,0.0,35.0,0.0,0.0,0.0,0.0,0.0,0.0,33.0,27.0,0.0,0.0,37.0,0.0,0.0,0.0,0.0,0.0,0.0,0.0,0.0,0.0,0.0,0.0,0.0,0.0,0.0,0.0,0.0,0.0,34.0,26.0,0.0,0.0,0.0,0.0,0.0,0.858369
2014-19,0.858369,14.0,0.0,0.0,9.0,0.0,51.0,0.0,28.0,0.0,25.0,0.0,0.0,0.0,0.0,0.0,0.0,57.0,0.0,0.0,0.0,0.0,38.0,30.0,0.0,0.0,29.0,0.0,100.0,0.0,28.0,0.0,0.0,20.0,0.0,0.0,0.0,0.0,0.0,0.0,40.0,0.0,0.0,11.0,0.0,45.0,0.0,0.0,28.0,0.0,0.0,0.255754
2014-20,0.255754,14.0,0.0,0.0,9.0,0.0,51.0,0.0,28.0,0.0,25.0,0.0,0.0,0.0,0.0,0.0,0.0,57.0,0.0,0.0,0.0,0.0,38.0,30.0,0.0,0.0,29.0,0.0,100.0,0.0,28.0,0.0,0.0,20.0,0.0,0.0,0.0,0.0,0.0,0.0,40.0,0.0,0.0,11.0,0.0,45.0,0.0,0.0,28.0,0.0,0.0,1.0018200000000002
2014-21,1.0018200000000002,14.0,0.0,0.0,9.0,0.0,51.0,0.0,28.0,0.0,25.0,0.0,0.0,0.0,0.0,0.0,0.0,57.0,0.0,0.0,0.0,0.0,38.0,30.0,0.0,0.0,29.0,0.0,100.0,0.0,28.0,0.0,0.0,20.0,0.0,0.0,0.0,0.0,0.0,0.0,40.0,0.0,0.0,11.0,0.0,45.0,0.0,0.0,28.0,0.0,0.0,0.478469
2014-22,0.478469,14.0,0.0,0.0,9.0,0.0,51.0,0.0,28.0,0.0,25.0,0.0,0.0,0.0,0.0,0.0,0.0,57.0,0.0,0.0,0.0,0.0,38.0,30.0,0.0,0.0,29.0,0.0,100.0,0.0,28.0,0.0,0.0,20.0,0.0,0.0,0.0,0.0,0.0,0.0,40.0,0.0,0.0,11.0,0.0,45.0,0.0,0.0,28.0,0.0,0.0,1.66667
2014-23,1.66667,13.0,0.0,20.0,9.0,0.0,0.0,18.0,0.0,0.0,32.0,0.0,100.0,0.0,0.0,38.0,0.0,0.0,54.0,0.0,0.0,0.0,25.0,0.0,0.0,0.0,0.0,0.0,0.0,0.0,26.0,0.0,100.0,0.0,0.0,0.0,0.0,0.0,0.0,0.0,38.0,0.0,0.0,10.0,0.0,0.0,0.0,0.0,0.0,0.0,0.0,0.155763
2014-24,0.155763,13.0,0.0,20.0,9.0,0.0,0.0,18.0,0.0,0.0,32.0,0.0,100.0,0.0,0.0,38.0,0.0,0.0,54.0,0.0,0.0,0.0,25.0,0.0,0.0,0.0,0.0,0.0,0.0,0.0,26.0,0.0,100.0,0.0,0.0,0.0,0.0,0.0,0.0,0.0,38.0,0.0,0.0,10.0,0.0,0.0,0.0,0.0,0.0,0.0,0.0,0.347826
2014-25,0.347826,13.0,0.0,20.0,9.0,0.0,0.0,18.0,0.0,0.0,32.0,0.0,100.0,0.0,0.0,38.0,0.0,0.0,54.0,0.0,0.0,0.0,25.0,0.0,0.0,0.0,0.0,0.0,0.0,0.0,26.0,0.0,100.0,0.0,0.0,0.0,0.0,0.0,0.0,0.0,38.0,0.0,0.0,10.0,0.0,0.0,0.0,0.0,0.0,0.0,0.0,0.0001
2014-26,0.0001,13.0,0.0,20.0,9.0,0.0,0.0,18.0,0.0,0.0,32.0,0.0,100.0,0.0,0.0,38.0,0.0,0.0,54.0,0.0,0.0,0.0,25.0,0.0,0.0,0.0,0.0,0.0,0.0,0.0,26.0,0.0,100.0,0.0,0.0,0.0,0.0,0.0,0.0,0.0,38.0,0.0,0.0,10.0,0.0,0.0,0.0,0.0,0.0,0.0,0.0,0.25316500000000003
2014-27,0.25316500000000003,13.0,0.0,20.0,9.0,0.0,0.0,18.0,0.0,0.0,32.0,0.0,100.0,0.0,0.0,38.0,0.0,0.0,54.0,0.0,0.0,0.0,25.0,0.0,0.0,0.0,0.0,0.0,0.0,0.0,26.0,0.0,100.0,0.0,0.0,0.0,0.0,0.0,0.0,0.0,38.0,0.0,0.0,10.0,0.0,0.0,0.0,0.0,0.0,0.0,0.0,0.0001
2014-28,0.0001,9.0,27.0,19.0,17.0,0.0,0.0,9.0,27.0,0.0,39.0,0.0,0.0,0.0,0.0,0.0,0.0,0.0,0.0,0.0,0.0,46.0,11.0,0.0,0.0,0.0,27.0,0.0,0.0,0.0,52.0,39.0,0.0,0.0,62.0,0.0,0.0,0.0,0.0,53.0,38.0,0.0,0.0,0.0,36.0,70.0,0.0,0.0,27.0,0.0,0.0,0.70922
2014-29,0.70922,9.0,27.0,19.0,17.0,0.0,0.0,9.0,27.0,0.0,39.0,0.0,0.0,0.0,0.0,0.0,0.0,0.0,0.0,0.0,0.0,46.0,11.0,0.0,0.0,0.0,27.0,0.0,0.0,0.0,52.0,39.0,0.0,0.0,62.0,0.0,0.0,0.0,0.0,53.0,38.0,0.0,0.0,0.0,36.0,70.0,0.0,0.0,27.0,0.0,0.0,0.0001
2014-30,0.0001,9.0,27.0,19.0,17.0,0.0,0.0,9.0,27.0,0.0,39.0,0.0,0.0,0.0,0.0,0.0,0.0,0.0,0.0,0.0,0.0,46.0,11.0,0.0,0.0,0.0,27.0,0.0,0.0,0.0,52.0,39.0,0.0,0.0,62.0,0.0,0.0,0.0,0.0,53.0,38.0,0.0,0.0,0.0,36.0,70.0,0.0,0.0,27.0,0.0,0.0,0.153846
2014-31,0.153846,9.0,27.0,19.0,17.0,0.0,0.0,9.0,27.0,0.0,39.0,0.0,0.0,0.0,0.0,0.0,0.0,0.0,0.0,0.0,0.0,46.0,11.0,0.0,0.0,0.0,27.0,0.0,0.0,0.0,52.0,39.0,0.0,0.0,62.0,0.0,0.0,0.0,0.0,53.0,38.0,0.0,0.0,0.0,36.0,70.0,0.0,0.0,27.0,0.0,0.0,0.0001
2014-32,0.0001,25.0,0.0,18.0,41.0,31.0,31.0,17.0,26.0,56.0,52.0,0.0,0.0,37.0,0.0,72.0,37.0,0.0,51.0,0.0,0.0,0.0,27.0,27.0,0.0,0.0,78.0,0.0,0.0,0.0,0.0,0.0,0.0,0.0,0.0,0.0,0.0,0.0,45.0,50.0,36.0,0.0,63.0,0.0,0.0,13.0,0.0,0.0,26.0,51.0,0.0,0.0001
2014-33,0.0001,25.0,0.0,18.0,41.0,31.0,31.0,17.0,26.0,56.0,52.0,0.0,0.0,37.0,0.0,72.0,37.0,0.0,51.0,0.0,0.0,0.0,27.0,27.0,0.0,0.0,78.0,0.0,0.0,0.0,0.0,0.0,0.0,0.0,0.0,0.0,0.0,0.0,45.0,50.0,36.0,0.0,63.0,0.0,0.0,13.0,0.0,0.0,26.0,51.0,0.0,0.442478
2014-34,0.442478,25.0,0.0,18.0,41.0,31.0,31.0,17.0,26.0,56.0,52.0,0.0,0.0,37.0,0.0,72.0,37.0,0.0,51.0,0.0,0.0,0.0,27.0,27.0,0.0,0.0,78.0,0.0,0.0,0.0,0.0,0.0,0.0,0.0,0.0,0.0,0.0,0.0,45.0,50.0,36.0,0.0,63.0,0.0,0.0,13.0,0.0,0.0,26.0,51.0,0.0,0.0001
2014-35,0.0001,25.0,0.0,18.0,41.0,31.0,31.0,17.0,26.0,56.0,52.0,0.0,0.0,37.0,0.0,72.0,37.0,0.0,51.0,0.0,0.0,0.0,27.0,27.0,0.0,0.0,78.0,0.0,0.0,0.0,0.0,0.0,0.0,0.0,0.0,0.0,0.0,0.0,45.0,50.0,36.0,0.0,63.0,0.0,0.0,13.0,0.0,0.0,26.0,51.0,0.0,0.0001
2014-36,0.0001,25.0,0.0,18.0,41.0,31.0,31.0,17.0,26.0,56.0,52.0,0.0,0.0,37.0,0.0,72.0,37.0,0.0,51.0,0.0,0.0,0.0,27.0,27.0,0.0,0.0,78.0,0.0,0.0,0.0,0.0,0.0,0.0,0.0,0.0,0.0,0.0,0.0,45.0,50.0,36.0,0.0,63.0,0.0,0.0,13.0,0.0,0.0,26.0,51.0,0.0,0.0001
2014-37,0.0001,58.0,0.0,35.0,47.0,30.0,29.0,100.0,49.0,0.0,57.0,0.0,0.0,52.0,0.0,35.0,52.0,49.0,48.0,0.0,0.0,0.0,35.0,0.0,0.0,0.0,25.0,37.0,0.0,0.0,35.0,0.0,0.0,0.0,0.0,0.0,0.0,0.0,0.0,0.0,0.0,0.0,0.0,9.0,33.0,26.0,48.0,46.0,49.0,0.0,54.0,0.0001
2014-38,0.0001,58.0,0.0,35.0,47.0,30.0,29.0,100.0,49.0,0.0,57.0,0.0,0.0,52.0,0.0,35.0,52.0,49.0,48.0,0.0,0.0,0.0,35.0,0.0,0.0,0.0,25.0,37.0,0.0,0.0,35.0,0.0,0.0,0.0,0.0,0.0,0.0,0.0,0.0,0.0,0.0,0.0,0.0,9.0,33.0,26.0,48.0,46.0,49.0,0.0,54.0,0.572246
2014-39,0.572246,58.0,0.0,35.0,47.0,30.0,29.0,100.0,49.0,0.0,57.0,0.0,0.0,52.0,0.0,35.0,52.0,49.0,48.0,0.0,0.0,0.0,35.0,0.0,0.0,0.0,25.0,37.0,0.0,0.0,35.0,0.0,0.0,0.0,0.0,0.0,0.0,0.0,0.0,0.0,0.0,0.0,0.0,9.0,33.0,26.0,48.0,46.0,49.0,0.0,54.0,0.437445
2014-40,0.437445,58.0,0.0,35.0,47.0,30.0,29.0,100.0,49.0,0.0,57.0,0.0,0.0,52.0,0.0,35.0,52.0,49.0,48.0,0.0,0.0,0.0,35.0,0.0,0.0,0.0,25.0,37.0,0.0,0.0,35.0,0.0,0.0,0.0,0.0,0.0,0.0,0.0,0.0,0.0,0.0,0.0,0.0,9.0,33.0,26.0,48.0,46.0,49.0,0.0,54.0,0.4129390000000001
2014-41,0.4129390000000001,41.0,26.0,84.0,45.0,31.0,62.0,21.0,52.0,0.0,83.0,28.0,48.0,0.0,28.0,73.0,0.0,0.0,0.0,0.0,0.0,45.0,31.0,0.0,60.0,0.0,0.0,0.0,0.0,45.0,75.0,0.0,48.0,0.0,60.0,0.0,0.0,0.0,0.0,51.0,36.0,0.0,0.0,38.0,35.0,40.0,0.0,49.0,52.0,0.0,0.0,0.364631
2014-42,0.364631,41.0,26.0,84.0,45.0,31.0,62.0,21.0,52.0,0.0,83.0,28.0,48.0,0.0,28.0,73.0,0.0,0.0,0.0,0.0,0.0,45.0,31.0,0.0,60.0,0.0,0.0,0.0,0.0,45.0,75.0,0.0,48.0,0.0,60.0,0.0,0.0,0.0,0.0,51.0,36.0,0.0,0.0,38.0,35.0,40.0,0.0,49.0,52.0,0.0,0.0,1.54603
2014-43,1.54603,41.0,26.0,84.0,45.0,31.0,62.0,21.0,52.0,0.0,83.0,28.0,48.0,0.0,28.0,73.0,0.0,0.0,0.0,0.0,0.0,45.0,31.0,0.0,60.0,0.0,0.0,0.0,0.0,45.0,75.0,0.0,48.0,0.0,60.0,0.0,0.0,0.0,0.0,51.0,36.0,0.0,0.0,38.0,35.0,40.0,0.0,49.0,52.0,0.0,0.0,1.80723
2014-44,1.80723,41.0,26.0,84.0,45.0,31.0,62.0,21.0,52.0,0.0,83.0,28.0,48.0,0.0,28.0,73.0,0.0,0.0,0.0,0.0,0.0,45.0,31.0,0.0,60.0,0.0,0.0,0.0,0.0,45.0,75.0,0.0,48.0,0.0,60.0,0.0,0.0,0.0,0.0,51.0,36.0,0.0,0.0,38.0,35.0,40.0,0.0,49.0,52.0,0.0,0.0,3.11448
2014-45,3.11448,34.0,0.0,56.0,37.0,0.0,0.0,25.0,0.0,0.0,45.0,0.0,48.0,0.0,0.0,36.0,0.0,0.0,0.0,0.0,0.0,0.0,31.0,55.0,0.0,0.0,0.0,0.0,0.0,0.0,25.0,0.0,48.0,18.0,0.0,58.0,0.0,0.0,45.0,0.0,0.0,0.0,0.0,19.0,0.0,40.0,0.0,0.0,0.0,0.0,0.0,3.14843
2014-46,3.14843,34.0,0.0,56.0,37.0,0.0,0.0,25.0,0.0,0.0,45.0,0.0,48.0,0.0,0.0,36.0,0.0,0.0,0.0,0.0,0.0,0.0,31.0,55.0,0.0,0.0,0.0,0.0,0.0,0.0,25.0,0.0,48.0,18.0,0.0,58.0,0.0,0.0,45.0,0.0,0.0,0.0,0.0,19.0,0.0,40.0,0.0,0.0,0.0,0.0,0.0,2.92857
2014-47,2.92857,34.0,0.0,56.0,37.0,0.0,0.0,25.0,0.0,0.0,45.0,0.0,48.0,0.0,0.0,36.0,0.0,0.0,0.0,0.0,0.0,0.0,31.0,55.0,0.0,0.0,0.0,0.0,0.0,0.0,25.0,0.0,48.0,18.0,0.0,58.0,0.0,0.0,45.0,0.0,0.0,0.0,0.0,19.0,0.0,40.0,0.0,0.0,0.0,0.0,0.0,2.39852
2014-48,2.39852,34.0,0.0,56.0,37.0,0.0,0.0,25.0,0.0,0.0,45.0,0.0,48.0,0.0,0.0,36.0,0.0,0.0,0.0,0.0,0.0,0.0,31.0,55.0,0.0,0.0,0.0,0.0,0.0,0.0,25.0,0.0,48.0,18.0,0.0,58.0,0.0,0.0,45.0,0.0,0.0,0.0,0.0,19.0,0.0,40.0,0.0,0.0,0.0,0.0,0.0,2.12465
2014-49,2.12465,34.0,0.0,56.0,37.0,0.0,0.0,25.0,0.0,0.0,45.0,0.0,48.0,0.0,0.0,36.0,0.0,0.0,0.0,0.0,0.0,0.0,31.0,55.0,0.0,0.0,0.0,0.0,0.0,0.0,25.0,0.0,48.0,18.0,0.0,58.0,0.0,0.0,45.0,0.0,0.0,0.0,0.0,19.0,0.0,40.0,0.0,0.0,0.0,0.0,0.0,1.66305
2014-50,1.66305,23.0,25.0,18.0,8.0,0.0,44.0,8.0,0.0,0.0,57.0,0.0,46.0,0.0,0.0,35.0,0.0,0.0,0.0,0.0,62.0,0.0,39.0,26.0,0.0,0.0,25.0,0.0,87.0,0.0,48.0,0.0,46.0,0.0,0.0,55.0,0.0,0.0,43.0,0.0,0.0,0.0,0.0,23.0,100.0,64.0,48.0,0.0,0.0,25.0,0.0,2.63425
2014-51,2.63425,23.0,25.0,18.0,8.0,0.0,44.0,8.0,0.0,0.0,57.0,0.0,46.0,0.0,0.0,35.0,0.0,0.0,0.0,0.0,62.0,0.0,39.0,26.0,0.0,0.0,25.0,0.0,87.0,0.0,48.0,0.0,46.0,0.0,0.0,55.0,0.0,0.0,43.0,0.0,0.0,0.0,0.0,23.0,100.0,64.0,48.0,0.0,0.0,25.0,0.0,2.3454200000000003
2014-52,2.3454200000000003,23.0,25.0,18.0,8.0,0.0,44.0,8.0,0.0,0.0,57.0,0.0,46.0,0.0,0.0,35.0,0.0,0.0,0.0,0.0,62.0,0.0,39.0,26.0,0.0,0.0,25.0,0.0,87.0,0.0,48.0,0.0,46.0,0.0,0.0,55.0,0.0,0.0,43.0,0.0,0.0,0.0,0.0,23.0,100.0,64.0,48.0,0.0,0.0,25.0,0.0,2.36626
2015-01,2.36626,23.0,25.0,18.0,8.0,0.0,44.0,8.0,0.0,0.0,57.0,0.0,46.0,0.0,0.0,35.0,0.0,0.0,0.0,0.0,62.0,0.0,39.0,26.0,0.0,0.0,25.0,0.0,87.0,0.0,48.0,0.0,46.0,0.0,0.0,55.0,0.0,0.0,43.0,0.0,0.0,0.0,0.0,23.0,100.0,64.0,48.0,0.0,0.0,25.0,0.0,0.9751770000000001
2015-02,0.9751770000000001,23.0,25.0,18.0,8.0,0.0,44.0,8.0,0.0,0.0,57.0,0.0,46.0,0.0,0.0,35.0,0.0,0.0,0.0,0.0,62.0,0.0,39.0,26.0,0.0,0.0,25.0,0.0,87.0,0.0,48.0,0.0,46.0,0.0,0.0,55.0,0.0,0.0,43.0,0.0,0.0,0.0,0.0,23.0,100.0,64.0,48.0,0.0,0.0,25.0,0.0,1.03189
2015-03,1.03189,23.0,25.0,18.0,8.0,0.0,44.0,8.0,0.0,0.0,57.0,0.0,46.0,0.0,0.0,35.0,0.0,0.0,0.0,0.0,62.0,0.0,39.0,26.0,0.0,0.0,25.0,0.0,87.0,0.0,48.0,0.0,46.0,0.0,0.0,55.0,0.0,0.0,43.0,0.0,0.0,0.0,0.0,23.0,100.0,64.0,48.0,0.0,0.0,25.0,0.0,2.0935099999999998
2015-04,2.0935099999999998,23.0,25.0,18.0,8.0,0.0,44.0,8.0,0.0,0.0,57.0,0.0,46.0,0.0,0.0,35.0,0.0,0.0,0.0,0.0,62.0,0.0,39.0,26.0,0.0,0.0,25.0,0.0,87.0,0.0,48.0,0.0,46.0,0.0,0.0,55.0,0.0,0.0,43.0,0.0,0.0,0.0,0.0,23.0,100.0,64.0,48.0,0.0,0.0,25.0,0.0,0.947522
2015-05,0.947522,23.0,25.0,18.0,8.0,0.0,44.0,8.0,0.0,0.0,57.0,0.0,46.0,0.0,0.0,35.0,0.0,0.0,0.0,0.0,62.0,0.0,39.0,26.0,0.0,0.0,25.0,0.0,87.0,0.0,48.0,0.0,46.0,0.0,0.0,55.0,0.0,0.0,43.0,0.0,0.0,0.0,0.0,23.0,100.0,64.0,48.0,0.0,0.0,25.0,0.0,0.9920629999999999
2015-06,0.9920629999999999,23.0,25.0,18.0,8.0,0.0,44.0,8.0,0.0,0.0,57.0,0.0,46.0,0.0,0.0,35.0,0.0,0.0,0.0,0.0,62.0,0.0,39.0,26.0,0.0,0.0,25.0,0.0,87.0,0.0,48.0,0.0,46.0,0.0,0.0,55.0,0.0,0.0,43.0,0.0,0.0,0.0,0.0,23.0,100.0,64.0,48.0,0.0,0.0,25.0,0.0,1.2857100000000001
2015-07,1.2857100000000001,23.0,25.0,18.0,8.0,0.0,44.0,8.0,0.0,0.0,57.0,0.0,46.0,0.0,0.0,35.0,0.0,0.0,0.0,0.0,62.0,0.0,39.0,26.0,0.0,0.0,25.0,0.0,87.0,0.0,48.0,0.0,46.0,0.0,0.0,55.0,0.0,0.0,43.0,0.0,0.0,0.0,0.0,23.0,100.0,64.0,48.0,0.0,0.0,25.0,0.0,0.183318
2015-08,0.183318,23.0,25.0,18.0,8.0,0.0,44.0,8.0,0.0,0.0,57.0,0.0,46.0,0.0,0.0,35.0,0.0,0.0,0.0,0.0,62.0,0.0,39.0,26.0,0.0,0.0,25.0,0.0,87.0,0.0,48.0,0.0,46.0,0.0,0.0,55.0,0.0,0.0,43.0,0.0,0.0,0.0,0.0,23.0,100.0,64.0,48.0,0.0,0.0,25.0,0.0,0.523104
2015-09,0.523104,23.0,25.0,18.0,8.0,0.0,44.0,8.0,0.0,0.0,57.0,0.0,46.0,0.0,0.0,35.0,0.0,0.0,0.0,0.0,62.0,0.0,39.0,26.0,0.0,0.0,25.0,0.0,87.0,0.0,48.0,0.0,46.0,0.0,0.0,55.0,0.0,0.0,43.0,0.0,0.0,0.0,0.0,23.0,100.0,64.0,48.0,0.0,0.0,25.0,0.0,0.539568
2015-10,0.539568,23.0,25.0,18.0,8.0,0.0,44.0,8.0,0.0,0.0,57.0,0.0,46.0,0.0,0.0,35.0,0.0,0.0,0.0,0.0,62.0,0.0,39.0,26.0,0.0,0.0,25.0,0.0,87.0,0.0,48.0,0.0,46.0,0.0,0.0,55.0,0.0,0.0,43.0,0.0,0.0,0.0,0.0,23.0,100.0,64.0,48.0,0.0,0.0,25.0,0.0,0.5420050000000001
2015-11,0.5420050000000001,23.0,25.0,18.0,8.0,0.0,44.0,8.0,0.0,0.0,57.0,0.0,46.0,0.0,0.0,35.0,0.0,0.0,0.0,0.0,62.0,0.0,39.0,26.0,0.0,0.0,25.0,0.0,87.0,0.0,48.0,0.0,46.0,0.0,0.0,55.0,0.0,0.0,43.0,0.0,0.0,0.0,0.0,23.0,100.0,64.0,48.0,0.0,0.0,25.0,0.0,0.0001
2015-12,0.0001,23.0,25.0,18.0,8.0,0.0,44.0,8.0,0.0,0.0,57.0,0.0,46.0,0.0,0.0,35.0,0.0,0.0,0.0,0.0,62.0,0.0,39.0,26.0,0.0,0.0,25.0,0.0,87.0,0.0,48.0,0.0,46.0,0.0,0.0,55.0,0.0,0.0,43.0,0.0,0.0,0.0,0.0,23.0,100.0,64.0,48.0,0.0,0.0,25.0,0.0,0.189934
2015-13,0.189934,23.0,25.0,18.0,8.0,0.0,44.0,8.0,0.0,0.0,57.0,0.0,46.0,0.0,0.0,35.0,0.0,0.0,0.0,0.0,62.0,0.0,39.0,26.0,0.0,0.0,25.0,0.0,87.0,0.0,48.0,0.0,46.0,0.0,0.0,55.0,0.0,0.0,43.0,0.0,0.0,0.0,0.0,23.0,100.0,64.0,48.0,0.0,0.0,25.0,0.0,0.44964
2015-14,0.44964,23.0,25.0,18.0,8.0,0.0,44.0,8.0,0.0,0.0,57.0,0.0,46.0,0.0,0.0,35.0,0.0,0.0,0.0,0.0,62.0,0.0,39.0,26.0,0.0,0.0,25.0,0.0,87.0,0.0,48.0,0.0,46.0,0.0,0.0,55.0,0.0,0.0,43.0,0.0,0.0,0.0,0.0,23.0,100.0,64.0,48.0,0.0,0.0,25.0,0.0,0.0001
2015-15,0.0001,18.0,53.0,75.0,12.0,32.0,31.0,0.0,27.0,0.0,15.0,0.0,0.0,37.0,0.0,0.0,37.0,53.0,0.0,0.0,0.0,0.0,24.0,0.0,0.0,0.0,26.0,0.0,0.0,0.0,38.0,0.0,0.0,0.0,0.0,0.0,0.0,0.0,0.0,52.0,74.0,0.0,0.0,14.0,35.0,0.0,0.0,0.0,27.0,0.0,0.0,0.313725
2015-16,0.313725,18.0,53.0,75.0,12.0,32.0,31.0,0.0,27.0,0.0,15.0,0.0,0.0,37.0,0.0,0.0,37.0,53.0,0.0,0.0,0.0,0.0,24.0,0.0,0.0,0.0,26.0,0.0,0.0,0.0,38.0,0.0,0.0,0.0,0.0,0.0,0.0,0.0,0.0,52.0,74.0,0.0,0.0,14.0,35.0,0.0,0.0,0.0,27.0,0.0,0.0,0.43525600000000003
2015-17,0.43525600000000003,18.0,53.0,75.0,12.0,32.0,31.0,0.0,27.0,0.0,15.0,0.0,0.0,37.0,0.0,0.0,37.0,53.0,0.0,0.0,0.0,0.0,24.0,0.0,0.0,0.0,26.0,0.0,0.0,0.0,38.0,0.0,0.0,0.0,0.0,0.0,0.0,0.0,0.0,52.0,74.0,0.0,0.0,14.0,35.0,0.0,0.0,0.0,27.0,0.0,0.0,0.0001
2015-18,0.0001,18.0,53.0,75.0,12.0,32.0,31.0,0.0,27.0,0.0,15.0,0.0,0.0,37.0,0.0,0.0,37.0,53.0,0.0,0.0,0.0,0.0,24.0,0.0,0.0,0.0,26.0,0.0,0.0,0.0,38.0,0.0,0.0,0.0,0.0,0.0,0.0,0.0,0.0,52.0,74.0,0.0,0.0,14.0,35.0,0.0,0.0,0.0,27.0,0.0,0.0,0.0001
2015-19,0.0001,7.0,0.0,37.0,8.0,32.0,31.0,0.0,0.0,57.0,15.0,0.0,48.0,37.0,0.0,37.0,37.0,0.0,0.0,0.0,0.0,0.0,45.0,28.0,0.0,0.0,53.0,0.0,0.0,0.0,0.0,0.0,48.0,0.0,0.0,0.0,0.0,0.0,0.0,0.0,0.0,0.0,0.0,0.0,0.0,14.0,0.0,0.0,0.0,0.0,58.0,0.5882350000000001
2015-20,0.5882350000000001,7.0,0.0,37.0,8.0,32.0,31.0,0.0,0.0,57.0,15.0,0.0,48.0,37.0,0.0,37.0,37.0,0.0,0.0,0.0,0.0,0.0,45.0,28.0,0.0,0.0,53.0,0.0,0.0,0.0,0.0,0.0,48.0,0.0,0.0,0.0,0.0,0.0,0.0,0.0,0.0,0.0,0.0,0.0,0.0,14.0,0.0,0.0,0.0,0.0,58.0,1.06101
2015-21,1.06101,7.0,0.0,37.0,8.0,32.0,31.0,0.0,0.0,57.0,15.0,0.0,48.0,37.0,0.0,37.0,37.0,0.0,0.0,0.0,0.0,0.0,45.0,28.0,0.0,0.0,53.0,0.0,0.0,0.0,0.0,0.0,48.0,0.0,0.0,0.0,0.0,0.0,0.0,0.0,0.0,0.0,0.0,0.0,0.0,14.0,0.0,0.0,0.0,0.0,58.0,1.4002299999999999
2015-22,1.4002299999999999,7.0,0.0,37.0,8.0,32.0,31.0,0.0,0.0,57.0,15.0,0.0,48.0,37.0,0.0,37.0,37.0,0.0,0.0,0.0,0.0,0.0,45.0,28.0,0.0,0.0,53.0,0.0,0.0,0.0,0.0,0.0,48.0,0.0,0.0,0.0,0.0,0.0,0.0,0.0,0.0,0.0,0.0,0.0,0.0,14.0,0.0,0.0,0.0,0.0,58.0,0.490196
2015-23,0.490196,7.0,0.0,37.0,8.0,32.0,31.0,0.0,0.0,57.0,15.0,0.0,48.0,37.0,0.0,37.0,37.0,0.0,0.0,0.0,0.0,0.0,45.0,28.0,0.0,0.0,53.0,0.0,0.0,0.0,0.0,0.0,48.0,0.0,0.0,0.0,0.0,0.0,0.0,0.0,0.0,0.0,0.0,0.0,0.0,14.0,0.0,0.0,0.0,0.0,58.0,0.0001
2015-24,0.0001,17.0,0.0,0.0,8.0,30.0,0.0,0.0,0.0,0.0,43.0,0.0,0.0,0.0,0.0,0.0,0.0,0.0,0.0,0.0,0.0,0.0,26.0,0.0,0.0,0.0,0.0,0.0,0.0,0.0,0.0,0.0,0.0,0.0,0.0,0.0,0.0,0.0,0.0,0.0,0.0,0.0,0.0,0.0,0.0,0.0,48.0,0.0,0.0,0.0,55.0,1.62095
2015-25,1.62095,17.0,0.0,0.0,8.0,30.0,0.0,0.0,0.0,0.0,43.0,0.0,0.0,0.0,0.0,0.0,0.0,0.0,0.0,0.0,0.0,0.0,26.0,0.0,0.0,0.0,0.0,0.0,0.0,0.0,0.0,0.0,0.0,0.0,0.0,0.0,0.0,0.0,0.0,0.0,0.0,0.0,0.0,0.0,0.0,0.0,48.0,0.0,0.0,0.0,55.0,2.2850900000000003
2015-26,2.2850900000000003,17.0,0.0,0.0,8.0,30.0,0.0,0.0,0.0,0.0,43.0,0.0,0.0,0.0,0.0,0.0,0.0,0.0,0.0,0.0,0.0,0.0,26.0,0.0,0.0,0.0,0.0,0.0,0.0,0.0,0.0,0.0,0.0,0.0,0.0,0.0,0.0,0.0,0.0,0.0,0.0,0.0,0.0,0.0,0.0,0.0,48.0,0.0,0.0,0.0,55.0,1.6853900000000002
2015-27,1.6853900000000002,17.0,0.0,0.0,8.0,30.0,0.0,0.0,0.0,0.0,43.0,0.0,0.0,0.0,0.0,0.0,0.0,0.0,0.0,0.0,0.0,0.0,26.0,0.0,0.0,0.0,0.0,0.0,0.0,0.0,0.0,0.0,0.0,0.0,0.0,0.0,0.0,0.0,0.0,0.0,0.0,0.0,0.0,0.0,0.0,0.0,48.0,0.0,0.0,0.0,55.0,1.58151
2015-28,1.58151,8.0,0.0,26.0,39.0,0.0,58.0,0.0,0.0,0.0,42.0,0.0,0.0,0.0,0.0,34.0,0.0,0.0,0.0,0.0,0.0,0.0,35.0,26.0,0.0,0.0,24.0,0.0,0.0,0.0,47.0,0.0,0.0,0.0,0.0,0.0,0.0,0.0,42.0,0.0,0.0,50.0,0.0,13.0,0.0,13.0,0.0,0.0,0.0,0.0,0.0,0.661626
2015-29,0.661626,8.0,0.0,26.0,39.0,0.0,58.0,0.0,0.0,0.0,42.0,0.0,0.0,0.0,0.0,34.0,0.0,0.0,0.0,0.0,0.0,0.0,35.0,26.0,0.0,0.0,24.0,0.0,0.0,0.0,47.0,0.0,0.0,0.0,0.0,0.0,0.0,0.0,42.0,0.0,0.0,50.0,0.0,13.0,0.0,13.0,0.0,0.0,0.0,0.0,0.0,0.661626
2015-30,0.661626,8.0,0.0,26.0,39.0,0.0,58.0,0.0,0.0,0.0,42.0,0.0,0.0,0.0,0.0,34.0,0.0,0.0,0.0,0.0,0.0,0.0,35.0,26.0,0.0,0.0,24.0,0.0,0.0,0.0,47.0,0.0,0.0,0.0,0.0,0.0,0.0,0.0,42.0,0.0,0.0,50.0,0.0,13.0,0.0,13.0,0.0,0.0,0.0,0.0,0.0,0.681597
2015-31,0.681597,8.0,0.0,26.0,39.0,0.0,58.0,0.0,0.0,0.0,42.0,0.0,0.0,0.0,0.0,34.0,0.0,0.0,0.0,0.0,0.0,0.0,35.0,26.0,0.0,0.0,24.0,0.0,0.0,0.0,47.0,0.0,0.0,0.0,0.0,0.0,0.0,0.0,42.0,0.0,0.0,50.0,0.0,13.0,0.0,13.0,0.0,0.0,0.0,0.0,0.0,0.432432
2015-32,0.432432,26.0,24.0,26.0,11.0,0.0,56.0,27.0,0.0,0.0,76.0,0.0,44.0,34.0,0.0,100.0,34.0,0.0,0.0,0.0,60.0,0.0,41.0,0.0,0.0,0.0,24.0,0.0,0.0,42.0,34.0,0.0,44.0,0.0,0.0,53.0,0.0,0.0,0.0,0.0,33.0,0.0,0.0,17.0,32.0,25.0,0.0,0.0,0.0,0.0,0.0,0.8307370000000001
2015-33,0.8307370000000001,26.0,24.0,26.0,11.0,0.0,56.0,27.0,0.0,0.0,76.0,0.0,44.0,34.0,0.0,100.0,34.0,0.0,0.0,0.0,60.0,0.0,41.0,0.0,0.0,0.0,24.0,0.0,0.0,42.0,34.0,0.0,44.0,0.0,0.0,53.0,0.0,0.0,0.0,0.0,33.0,0.0,0.0,17.0,32.0,25.0,0.0,0.0,0.0,0.0,0.0,0.536673
2015-34,0.536673,26.0,24.0,26.0,11.0,0.0,56.0,27.0,0.0,0.0,76.0,0.0,44.0,34.0,0.0,100.0,34.0,0.0,0.0,0.0,60.0,0.0,41.0,0.0,0.0,0.0,24.0,0.0,0.0,42.0,34.0,0.0,44.0,0.0,0.0,53.0,0.0,0.0,0.0,0.0,33.0,0.0,0.0,17.0,32.0,25.0,0.0,0.0,0.0,0.0,0.0,0.496278
2015-35,0.496278,26.0,24.0,26.0,11.0,0.0,56.0,27.0,0.0,0.0,76.0,0.0,44.0,34.0,0.0,100.0,34.0,0.0,0.0,0.0,60.0,0.0,41.0,0.0,0.0,0.0,24.0,0.0,0.0,42.0,34.0,0.0,44.0,0.0,0.0,53.0,0.0,0.0,0.0,0.0,33.0,0.0,0.0,17.0,32.0,25.0,0.0,0.0,0.0,0.0,0.0,1.17096
2015-36,1.17096,26.0,24.0,26.0,11.0,0.0,56.0,27.0,0.0,0.0,76.0,0.0,44.0,34.0,0.0,100.0,34.0,0.0,0.0,0.0,60.0,0.0,41.0,0.0,0.0,0.0,24.0,0.0,0.0,42.0,34.0,0.0,44.0,0.0,0.0,53.0,0.0,0.0,0.0,0.0,33.0,0.0,0.0,17.0,32.0,25.0,0.0,0.0,0.0,0.0,0.0,1.97183
2015-37,1.97183,34.0,46.0,41.0,18.0,0.0,27.0,41.0,46.0,0.0,53.0,0.0,63.0,0.0,0.0,32.0,0.0,46.0,0.0,54.0,0.0,39.0,30.0,0.0,0.0,0.0,23.0,53.0,0.0,0.0,0.0,33.0,63.0,0.0,0.0,0.0,100.0,0.0,0.0,0.0,0.0,47.0,0.0,21.0,31.0,0.0,0.0,0.0,46.0,23.0,100.0,1.0880299999999998
2015-38,1.0880299999999998,34.0,46.0,41.0,18.0,0.0,27.0,41.0,46.0,0.0,53.0,0.0,63.0,0.0,0.0,32.0,0.0,46.0,0.0,54.0,0.0,39.0,30.0,0.0,0.0,0.0,23.0,53.0,0.0,0.0,0.0,33.0,63.0,0.0,0.0,0.0,100.0,0.0,0.0,0.0,0.0,47.0,0.0,21.0,31.0,0.0,0.0,0.0,46.0,23.0,100.0,1.0050299999999999
2015-39,1.0050299999999999,34.0,46.0,41.0,18.0,0.0,27.0,41.0,46.0,0.0,53.0,0.0,63.0,0.0,0.0,32.0,0.0,46.0,0.0,54.0,0.0,39.0,30.0,0.0,0.0,0.0,23.0,53.0,0.0,0.0,0.0,33.0,63.0,0.0,0.0,0.0,100.0,0.0,0.0,0.0,0.0,47.0,0.0,21.0,31.0,0.0,0.0,0.0,46.0,23.0,100.0,0.505689
2015-40,0.505689,34.0,46.0,41.0,18.0,0.0,27.0,41.0,46.0,0.0,53.0,0.0,63.0,0.0,0.0,32.0,0.0,46.0,0.0,54.0,0.0,39.0,30.0,0.0,0.0,0.0,23.0,53.0,0.0,0.0,0.0,33.0,63.0,0.0,0.0,0.0,100.0,0.0,0.0,0.0,0.0,47.0,0.0,21.0,31.0,0.0,0.0,0.0,46.0,23.0,100.0,0.6273529999999999
2015-41,0.6273529999999999,20.0,0.0,17.0,19.0,0.0,57.0,20.0,24.0,52.0,42.0,53.0,0.0,0.0,53.0,34.0,0.0,0.0,48.0,0.0,0.0,0.0,32.0,25.0,0.0,0.0,48.0,37.0,0.0,0.0,70.0,0.0,0.0,0.0,0.0,0.0,0.0,0.0,0.0,0.0,0.0,100.0,60.0,31.0,32.0,0.0,0.0,0.0,24.0,0.0,0.0,1.1730200000000002
2015-42,1.1730200000000002,20.0,0.0,17.0,19.0,0.0,57.0,20.0,24.0,52.0,42.0,53.0,0.0,0.0,53.0,34.0,0.0,0.0,48.0,0.0,0.0,0.0,32.0,25.0,0.0,0.0,48.0,37.0,0.0,0.0,70.0,0.0,0.0,0.0,0.0,0.0,0.0,0.0,0.0,0.0,0.0,100.0,60.0,31.0,32.0,0.0,0.0,0.0,24.0,0.0,0.0,0.9826590000000001
2015-43,0.9826590000000001,20.0,0.0,17.0,19.0,0.0,57.0,20.0,24.0,52.0,42.0,53.0,0.0,0.0,53.0,34.0,0.0,0.0,48.0,0.0,0.0,0.0,32.0,25.0,0.0,0.0,48.0,37.0,0.0,0.0,70.0,0.0,0.0,0.0,0.0,0.0,0.0,0.0,0.0,0.0,0.0,100.0,60.0,31.0,32.0,0.0,0.0,0.0,24.0,0.0,0.0,0.531601
2015-44,0.531601,20.0,0.0,17.0,19.0,0.0,57.0,20.0,24.0,52.0,42.0,53.0,0.0,0.0,53.0,34.0,0.0,0.0,48.0,0.0,0.0,0.0,32.0,25.0,0.0,0.0,48.0,37.0,0.0,0.0,70.0,0.0,0.0,0.0,0.0,0.0,0.0,0.0,0.0,0.0,0.0,100.0,60.0,31.0,32.0,0.0,0.0,0.0,24.0,0.0,0.0,0.947867
2015-45,0.947867,25.0,24.0,26.0,26.0,0.0,56.0,15.0,48.0,0.0,41.0,26.0,0.0,34.0,26.0,50.0,34.0,47.0,0.0,0.0,0.0,0.0,41.0,0.0,0.0,0.0,24.0,0.0,0.0,0.0,80.0,0.0,0.0,0.0,55.0,0.0,0.0,0.0,41.0,47.0,0.0,0.0,0.0,26.0,0.0,12.0,0.0,45.0,48.0,0.0,0.0,1.1213
2015-46,1.1213,25.0,24.0,26.0,26.0,0.0,56.0,15.0,48.0,0.0,41.0,26.0,0.0,34.0,26.0,50.0,34.0,47.0,0.0,0.0,0.0,0.0,41.0,0.0,0.0,0.0,24.0,0.0,0.0,0.0,80.0,0.0,0.0,0.0,55.0,0.0,0.0,0.0,41.0,47.0,0.0,0.0,0.0,26.0,0.0,12.0,0.0,45.0,48.0,0.0,0.0,0.715746
2015-47,0.715746,25.0,24.0,26.0,26.0,0.0,56.0,15.0,48.0,0.0,41.0,26.0,0.0,34.0,26.0,50.0,34.0,47.0,0.0,0.0,0.0,0.0,41.0,0.0,0.0,0.0,24.0,0.0,0.0,0.0,80.0,0.0,0.0,0.0,55.0,0.0,0.0,0.0,41.0,47.0,0.0,0.0,0.0,26.0,0.0,12.0,0.0,45.0,48.0,0.0,0.0,0.721154
2015-48,0.721154,25.0,24.0,26.0,26.0,0.0,56.0,15.0,48.0,0.0,41.0,26.0,0.0,34.0,26.0,50.0,34.0,47.0,0.0,0.0,0.0,0.0,41.0,0.0,0.0,0.0,24.0,0.0,0.0,0.0,80.0,0.0,0.0,0.0,55.0,0.0,0.0,0.0,41.0,47.0,0.0,0.0,0.0,26.0,0.0,12.0,0.0,45.0,48.0,0.0,0.0,1.32114
2015-49,1.32114,25.0,24.0,26.0,26.0,0.0,56.0,15.0,48.0,0.0,41.0,26.0,0.0,34.0,26.0,50.0,34.0,47.0,0.0,0.0,0.0,0.0,41.0,0.0,0.0,0.0,24.0,0.0,0.0,0.0,80.0,0.0,0.0,0.0,55.0,0.0,0.0,0.0,41.0,47.0,0.0,0.0,0.0,26.0,0.0,12.0,0.0,45.0,48.0,0.0,0.0,0.596421
2015-50,0.596421,30.0,88.0,31.0,14.0,0.0,0.0,7.0,22.0,0.0,31.0,24.0,0.0,0.0,24.0,61.0,0.0,0.0,0.0,0.0,54.0,0.0,31.0,23.0,100.0,0.0,32.0,0.0,0.0,38.0,42.0,31.0,0.0,15.0,0.0,48.0,0.0,42.0,0.0,0.0,0.0,0.0,0.0,16.0,0.0,11.0,0.0,41.0,22.0,0.0,0.0,0.226244
2015-51,0.226244,30.0,88.0,31.0,14.0,0.0,0.0,7.0,22.0,0.0,31.0,24.0,0.0,0.0,24.0,61.0,0.0,0.0,0.0,0.0,54.0,0.0,31.0,23.0,100.0,0.0,32.0,0.0,0.0,38.0,42.0,31.0,0.0,15.0,0.0,48.0,0.0,42.0,0.0,0.0,0.0,0.0,0.0,16.0,0.0,11.0,0.0,41.0,22.0,0.0,0.0,0.4225350000000001
2015-52,0.4225350000000001,30.0,88.0,31.0,14.0,0.0,0.0,7.0,22.0,0.0,31.0,24.0,0.0,0.0,24.0,61.0,0.0,0.0,0.0,0.0,54.0,0.0,31.0,23.0,100.0,0.0,32.0,0.0,0.0,38.0,42.0,31.0,0.0,15.0,0.0,48.0,0.0,42.0,0.0,0.0,0.0,0.0,0.0,16.0,0.0,11.0,0.0,41.0,22.0,0.0,0.0,0.356718
2015-53,0.356718,30.0,88.0,31.0,14.0,0.0,0.0,7.0,22.0,0.0,31.0,24.0,0.0,0.0,24.0,61.0,0.0,0.0,0.0,0.0,54.0,0.0,31.0,23.0,100.0,0.0,32.0,0.0,0.0,38.0,42.0,31.0,0.0,15.0,0.0,48.0,0.0,42.0,0.0,0.0,0.0,0.0,0.0,16.0,0.0,11.0,0.0,41.0,22.0,0.0,0.0,0.591716
2016-01,0.591716,30.0,88.0,31.0,14.0,0.0,0.0,7.0,22.0,0.0,31.0,24.0,0.0,0.0,24.0,61.0,0.0,0.0,0.0,0.0,54.0,0.0,31.0,23.0,100.0,0.0,32.0,0.0,0.0,38.0,42.0,31.0,0.0,15.0,0.0,48.0,0.0,42.0,0.0,0.0,0.0,0.0,0.0,16.0,0.0,11.0,0.0,41.0,22.0,0.0,0.0,0.332963
2016-02,0.332963,30.0,88.0,31.0,14.0,0.0,0.0,7.0,22.0,0.0,31.0,24.0,0.0,0.0,24.0,61.0,0.0,0.0,0.0,0.0,54.0,0.0,31.0,23.0,100.0,0.0,32.0,0.0,0.0,38.0,42.0,31.0,0.0,15.0,0.0,48.0,0.0,42.0,0.0,0.0,0.0,0.0,0.0,16.0,0.0,11.0,0.0,41.0,22.0,0.0,0.0,0.4329
2016-03,0.4329,30.0,88.0,31.0,14.0,0.0,0.0,7.0,22.0,0.0,31.0,24.0,0.0,0.0,24.0,61.0,0.0,0.0,0.0,0.0,54.0,0.0,31.0,23.0,100.0,0.0,32.0,0.0,0.0,38.0,42.0,31.0,0.0,15.0,0.0,48.0,0.0,42.0,0.0,0.0,0.0,0.0,0.0,16.0,0.0,11.0,0.0,41.0,22.0,0.0,0.0,0.7186859999999999
2016-04,0.7186859999999999,30.0,88.0,31.0,14.0,0.0,0.0,7.0,22.0,0.0,31.0,24.0,0.0,0.0,24.0,61.0,0.0,0.0,0.0,0.0,54.0,0.0,31.0,23.0,100.0,0.0,32.0,0.0,0.0,38.0,42.0,31.0,0.0,15.0,0.0,48.0,0.0,42.0,0.0,0.0,0.0,0.0,0.0,16.0,0.0,11.0,0.0,41.0,22.0,0.0,0.0,0.6013229999999999
2016-05,0.6013229999999999,30.0,88.0,31.0,14.0,0.0,0.0,7.0,22.0,0.0,31.0,24.0,0.0,0.0,24.0,61.0,0.0,0.0,0.0,0.0,54.0,0.0,31.0,23.0,100.0,0.0,32.0,0.0,0.0,38.0,42.0,31.0,0.0,15.0,0.0,48.0,0.0,42.0,0.0,0.0,0.0,0.0,0.0,16.0,0.0,11.0,0.0,41.0,22.0,0.0,0.0,1.19976
2016-06,1.19976,30.0,88.0,31.0,14.0,0.0,0.0,7.0,22.0,0.0,31.0,24.0,0.0,0.0,24.0,61.0,0.0,0.0,0.0,0.0,54.0,0.0,31.0,23.0,100.0,0.0,32.0,0.0,0.0,38.0,42.0,31.0,0.0,15.0,0.0,48.0,0.0,42.0,0.0,0.0,0.0,0.0,0.0,16.0,0.0,11.0,0.0,41.0,22.0,0.0,0.0,1.6980000000000002
2016-07,1.6980000000000002,30.0,88.0,31.0,14.0,0.0,0.0,7.0,22.0,0.0,31.0,24.0,0.0,0.0,24.0,61.0,0.0,0.0,0.0,0.0,54.0,0.0,31.0,23.0,100.0,0.0,32.0,0.0,0.0,38.0,42.0,31.0,0.0,15.0,0.0,48.0,0.0,42.0,0.0,0.0,0.0,0.0,0.0,16.0,0.0,11.0,0.0,41.0,22.0,0.0,0.0,1.99413
2016-08,1.99413,30.0,88.0,31.0,14.0,0.0,0.0,7.0,22.0,0.0,31.0,24.0,0.0,0.0,24.0,61.0,0.0,0.0,0.0,0.0,54.0,0.0,31.0,23.0,100.0,0.0,32.0,0.0,0.0,38.0,42.0,31.0,0.0,15.0,0.0,48.0,0.0,42.0,0.0,0.0,0.0,0.0,0.0,16.0,0.0,11.0,0.0,41.0,22.0,0.0,0.0,1.92744
2016-09,1.92744,30.0,88.0,31.0,14.0,0.0,0.0,7.0,22.0,0.0,31.0,24.0,0.0,0.0,24.0,61.0,0.0,0.0,0.0,0.0,54.0,0.0,31.0,23.0,100.0,0.0,32.0,0.0,0.0,38.0,42.0,31.0,0.0,15.0,0.0,48.0,0.0,42.0,0.0,0.0,0.0,0.0,0.0,16.0,0.0,11.0,0.0,41.0,22.0,0.0,0.0,3.40426
2016-10,3.40426,30.0,88.0,31.0,14.0,0.0,0.0,7.0,22.0,0.0,31.0,24.0,0.0,0.0,24.0,61.0,0.0,0.0,0.0,0.0,54.0,0.0,31.0,23.0,100.0,0.0,32.0,0.0,0.0,38.0,42.0,31.0,0.0,15.0,0.0,48.0,0.0,42.0,0.0,0.0,0.0,0.0,0.0,16.0,0.0,11.0,0.0,41.0,22.0,0.0,0.0,5.73435
2016-11,5.73435,30.0,88.0,31.0,14.0,0.0,0.0,7.0,22.0,0.0,31.0,24.0,0.0,0.0,24.0,61.0,0.0,0.0,0.0,0.0,54.0,0.0,31.0,23.0,100.0,0.0,32.0,0.0,0.0,38.0,42.0,31.0,0.0,15.0,0.0,48.0,0.0,42.0,0.0,0.0,0.0,0.0,0.0,16.0,0.0,11.0,0.0,41.0,22.0,0.0,0.0,4.1559800000000005
2016-12,4.1559800000000005,30.0,88.0,31.0,14.0,0.0,0.0,7.0,22.0,0.0,31.0,24.0,0.0,0.0,24.0,61.0,0.0,0.0,0.0,0.0,54.0,0.0,31.0,23.0,100.0,0.0,32.0,0.0,0.0,38.0,42.0,31.0,0.0,15.0,0.0,48.0,0.0,42.0,0.0,0.0,0.0,0.0,0.0,16.0,0.0,11.0,0.0,41.0,22.0,0.0,0.0,4.42248
2016-13,4.42248,30.0,88.0,31.0,14.0,0.0,0.0,7.0,22.0,0.0,31.0,24.0,0.0,0.0,24.0,61.0,0.0,0.0,0.0,0.0,54.0,0.0,31.0,23.0,100.0,0.0,32.0,0.0,0.0,38.0,42.0,31.0,0.0,15.0,0.0,48.0,0.0,42.0,0.0,0.0,0.0,0.0,0.0,16.0,0.0,11.0,0.0,41.0,22.0,0.0,0.0,3.68609
2016-14,3.68609,14.0,22.0,16.0,21.0,0.0,39.0,7.0,45.0,0.0,45.0,0.0,0.0,0.0,0.0,31.0,0.0,0.0,44.0,0.0,0.0,0.0,15.0,23.0,52.0,0.0,33.0,0.0,0.0,39.0,0.0,0.0,0.0,0.0,51.0,0.0,0.0,42.0,0.0,0.0,0.0,0.0,0.0,20.0,0.0,0.0,0.0,0.0,45.0,22.0,0.0,2.78207
2016-15,2.78207,14.0,22.0,16.0,21.0,0.0,39.0,7.0,45.0,0.0,45.0,0.0,0.0,0.0,0.0,31.0,0.0,0.0,44.0,0.0,0.0,0.0,15.0,23.0,52.0,0.0,33.0,0.0,0.0,39.0,0.0,0.0,0.0,0.0,51.0,0.0,0.0,42.0,0.0,0.0,0.0,0.0,0.0,20.0,0.0,0.0,0.0,0.0,45.0,22.0,0.0,3.5573099999999998
2016-16,3.5573099999999998,14.0,22.0,16.0,21.0,0.0,39.0,7.0,45.0,0.0,45.0,0.0,0.0,0.0,0.0,31.0,0.0,0.0,44.0,0.0,0.0,0.0,15.0,23.0,52.0,0.0,33.0,0.0,0.0,39.0,0.0,0.0,0.0,0.0,51.0,0.0,0.0,42.0,0.0,0.0,0.0,0.0,0.0,20.0,0.0,0.0,0.0,0.0,45.0,22.0,0.0,2.23881
2016-17,2.23881,14.0,22.0,16.0,21.0,0.0,39.0,7.0,45.0,0.0,45.0,0.0,0.0,0.0,0.0,31.0,0.0,0.0,44.0,0.0,0.0,0.0,15.0,23.0,52.0,0.0,33.0,0.0,0.0,39.0,0.0,0.0,0.0,0.0,51.0,0.0,0.0,42.0,0.0,0.0,0.0,0.0,0.0,20.0,0.0,0.0,0.0,0.0,45.0,22.0,0.0,2.04473
2016-18,2.04473,8.0,0.0,16.0,18.0,0.0,0.0,7.0,0.0,0.0,33.0,0.0,41.0,0.0,0.0,63.0,0.0,0.0,0.0,0.0,0.0,0.0,27.0,24.0,0.0,0.0,23.0,0.0,0.0,0.0,0.0,0.0,41.0,0.0,0.0,0.0,0.0,0.0,0.0,44.0,0.0,0.0,0.0,8.0,0.0,0.0,0.0,0.0,0.0,0.0,0.0,1.03474
2016-19,1.03474,8.0,0.0,16.0,18.0,0.0,0.0,7.0,0.0,0.0,33.0,0.0,41.0,0.0,0.0,63.0,0.0,0.0,0.0,0.0,0.0,0.0,27.0,24.0,0.0,0.0,23.0,0.0,0.0,0.0,0.0,0.0,41.0,0.0,0.0,0.0,0.0,0.0,0.0,44.0,0.0,0.0,0.0,8.0,0.0,0.0,0.0,0.0,0.0,0.0,0.0,3.3984699999999997
2016-20,3.3984699999999997,8.0,0.0,16.0,18.0,0.0,0.0,7.0,0.0,0.0,33.0,0.0,41.0,0.0,0.0,63.0,0.0,0.0,0.0,0.0,0.0,0.0,27.0,24.0,0.0,0.0,23.0,0.0,0.0,0.0,0.0,0.0,41.0,0.0,0.0,0.0,0.0,0.0,0.0,44.0,0.0,0.0,0.0,8.0,0.0,0.0,0.0,0.0,0.0,0.0,0.0,0.544588
2016-21,0.544588,8.0,0.0,16.0,18.0,0.0,0.0,7.0,0.0,0.0,33.0,0.0,41.0,0.0,0.0,63.0,0.0,0.0,0.0,0.0,0.0,0.0,27.0,24.0,0.0,0.0,23.0,0.0,0.0,0.0,0.0,0.0,41.0,0.0,0.0,0.0,0.0,0.0,0.0,44.0,0.0,0.0,0.0,8.0,0.0,0.0,0.0,0.0,0.0,0.0,0.0,0.547945
2016-22,0.547945,8.0,0.0,16.0,18.0,0.0,0.0,7.0,0.0,0.0,33.0,0.0,41.0,0.0,0.0,63.0,0.0,0.0,0.0,0.0,0.0,0.0,27.0,24.0,0.0,0.0,23.0,0.0,0.0,0.0,0.0,0.0,41.0,0.0,0.0,0.0,0.0,0.0,0.0,44.0,0.0,0.0,0.0,8.0,0.0,0.0,0.0,0.0,0.0,0.0,0.0,0.43668100000000004
2016-23,0.43668100000000004,11.0,0.0,23.0,21.0,0.0,77.0,0.0,44.0,0.0,38.0,0.0,0.0,31.0,0.0,0.0,31.0,0.0,0.0,52.0,0.0,0.0,14.0,0.0,0.0,0.0,22.0,0.0,0.0,0.0,31.0,31.0,0.0,0.0,0.0,0.0,0.0,0.0,0.0,0.0,0.0,0.0,0.0,0.0,29.0,11.0,0.0,0.0,44.0,0.0,48.0,0.56391
2016-24,0.56391,11.0,0.0,23.0,21.0,0.0,77.0,0.0,44.0,0.0,38.0,0.0,0.0,31.0,0.0,0.0,31.0,0.0,0.0,52.0,0.0,0.0,14.0,0.0,0.0,0.0,22.0,0.0,0.0,0.0,31.0,31.0,0.0,0.0,0.0,0.0,0.0,0.0,0.0,0.0,0.0,0.0,0.0,0.0,29.0,11.0,0.0,0.0,44.0,0.0,48.0,0.205198
2016-25,0.205198,11.0,0.0,23.0,21.0,0.0,77.0,0.0,44.0,0.0,38.0,0.0,0.0,31.0,0.0,0.0,31.0,0.0,0.0,52.0,0.0,0.0,14.0,0.0,0.0,0.0,22.0,0.0,0.0,0.0,31.0,31.0,0.0,0.0,0.0,0.0,0.0,0.0,0.0,0.0,0.0,0.0,0.0,0.0,29.0,11.0,0.0,0.0,44.0,0.0,48.0,0.186567
2016-26,0.186567,11.0,0.0,23.0,21.0,0.0,77.0,0.0,44.0,0.0,38.0,0.0,0.0,31.0,0.0,0.0,31.0,0.0,0.0,52.0,0.0,0.0,14.0,0.0,0.0,0.0,22.0,0.0,0.0,0.0,31.0,31.0,0.0,0.0,0.0,0.0,0.0,0.0,0.0,0.0,0.0,0.0,0.0,0.0,29.0,11.0,0.0,0.0,44.0,0.0,48.0,0.520833
2016-27,0.520833,10.0,0.0,16.0,7.0,26.0,25.0,0.0,22.0,0.0,43.0,0.0,0.0,30.0,0.0,30.0,30.0,0.0,0.0,0.0,0.0,0.0,28.0,0.0,0.0,0.0,21.0,0.0,0.0,0.0,62.0,0.0,0.0,0.0,0.0,0.0,0.0,0.0,0.0,0.0,0.0,0.0,53.0,20.0,0.0,22.0,0.0,0.0,22.0,0.0,0.0,0.260417
2016-28,0.260417,10.0,0.0,16.0,7.0,26.0,25.0,0.0,22.0,0.0,43.0,0.0,0.0,30.0,0.0,30.0,30.0,0.0,0.0,0.0,0.0,0.0,28.0,0.0,0.0,0.0,21.0,0.0,0.0,0.0,62.0,0.0,0.0,0.0,0.0,0.0,0.0,0.0,0.0,0.0,0.0,0.0,53.0,20.0,0.0,22.0,0.0,0.0,22.0,0.0,0.0,0.252313
2016-29,0.252313,10.0,0.0,16.0,7.0,26.0,25.0,0.0,22.0,0.0,43.0,0.0,0.0,30.0,0.0,30.0,30.0,0.0,0.0,0.0,0.0,0.0,28.0,0.0,0.0,0.0,21.0,0.0,0.0,0.0,62.0,0.0,0.0,0.0,0.0,0.0,0.0,0.0,0.0,0.0,0.0,0.0,53.0,20.0,0.0,22.0,0.0,0.0,22.0,0.0,0.0,0.512821
2016-30,0.512821,10.0,0.0,16.0,7.0,26.0,25.0,0.0,22.0,0.0,43.0,0.0,0.0,30.0,0.0,30.0,30.0,0.0,0.0,0.0,0.0,0.0,28.0,0.0,0.0,0.0,21.0,0.0,0.0,0.0,62.0,0.0,0.0,0.0,0.0,0.0,0.0,0.0,0.0,0.0,0.0,0.0,53.0,20.0,0.0,22.0,0.0,0.0,22.0,0.0,0.0,0.586756
2016-31,0.586756,10.0,0.0,16.0,7.0,26.0,25.0,0.0,22.0,0.0,43.0,0.0,0.0,30.0,0.0,30.0,30.0,0.0,0.0,0.0,0.0,0.0,28.0,0.0,0.0,0.0,21.0,0.0,0.0,0.0,62.0,0.0,0.0,0.0,0.0,0.0,0.0,0.0,0.0,0.0,0.0,0.0,53.0,20.0,0.0,22.0,0.0,0.0,22.0,0.0,0.0,0.577082
2016-32,0.577082,38.0,22.0,31.0,27.0,0.0,50.0,28.0,43.0,0.0,49.0,0.0,78.0,60.0,0.0,60.0,60.0,0.0,0.0,0.0,0.0,0.0,37.0,23.0,50.0,0.0,21.0,33.0,0.0,0.0,20.0,0.0,78.0,0.0,99.0,0.0,0.0,0.0,37.0,0.0,0.0,0.0,0.0,20.0,0.0,45.0,0.0,0.0,43.0,0.0,0.0,0.514139
2016-33,0.514139,38.0,22.0,31.0,27.0,0.0,50.0,28.0,43.0,0.0,49.0,0.0,78.0,60.0,0.0,60.0,60.0,0.0,0.0,0.0,0.0,0.0,37.0,23.0,50.0,0.0,21.0,33.0,0.0,0.0,20.0,0.0,78.0,0.0,99.0,0.0,0.0,0.0,37.0,0.0,0.0,0.0,0.0,20.0,0.0,45.0,0.0,0.0,43.0,0.0,0.0,0.64
2016-34,0.64,38.0,22.0,31.0,27.0,0.0,50.0,28.0,43.0,0.0,49.0,0.0,78.0,60.0,0.0,60.0,60.0,0.0,0.0,0.0,0.0,0.0,37.0,23.0,50.0,0.0,21.0,33.0,0.0,0.0,20.0,0.0,78.0,0.0,99.0,0.0,0.0,0.0,37.0,0.0,0.0,0.0,0.0,20.0,0.0,45.0,0.0,0.0,43.0,0.0,0.0,1.24611
2016-35,1.24611,38.0,22.0,31.0,27.0,0.0,50.0,28.0,43.0,0.0,49.0,0.0,78.0,60.0,0.0,60.0,60.0,0.0,0.0,0.0,0.0,0.0,37.0,23.0,50.0,0.0,21.0,33.0,0.0,0.0,20.0,0.0,78.0,0.0,99.0,0.0,0.0,0.0,37.0,0.0,0.0,0.0,0.0,20.0,0.0,45.0,0.0,0.0,43.0,0.0,0.0,0.9733940000000001
2016-36,0.9733940000000001,36.0,22.0,16.0,34.0,26.0,0.0,60.0,54.0,0.0,50.0,24.0,0.0,0.0,24.0,30.0,0.0,43.0,0.0,51.0,0.0,0.0,46.0,0.0,100.0,0.0,0.0,33.0,0.0,0.0,21.0,0.0,0.0,0.0,50.0,0.0,94.0,0.0,0.0,42.0,30.0,0.0,0.0,32.0,0.0,23.0,42.0,41.0,54.0,0.0,48.0,0.918033
2016-37,0.918033,36.0,22.0,16.0,34.0,26.0,0.0,60.0,54.0,0.0,50.0,24.0,0.0,0.0,24.0,30.0,0.0,43.0,0.0,51.0,0.0,0.0,46.0,0.0,100.0,0.0,0.0,33.0,0.0,0.0,21.0,0.0,0.0,0.0,50.0,0.0,94.0,0.0,0.0,42.0,30.0,0.0,0.0,32.0,0.0,23.0,42.0,41.0,54.0,0.0,48.0,1.15865
2016-38,1.15865,36.0,22.0,16.0,34.0,26.0,0.0,60.0,54.0,0.0,50.0,24.0,0.0,0.0,24.0,30.0,0.0,43.0,0.0,51.0,0.0,0.0,46.0,0.0,100.0,0.0,0.0,33.0,0.0,0.0,21.0,0.0,0.0,0.0,50.0,0.0,94.0,0.0,0.0,42.0,30.0,0.0,0.0,32.0,0.0,23.0,42.0,41.0,54.0,0.0,48.0,1.24777
2016-39,1.24777,36.0,22.0,16.0,34.0,26.0,0.0,60.0,54.0,0.0,50.0,24.0,0.0,0.0,24.0,30.0,0.0,43.0,0.0,51.0,0.0,0.0,46.0,0.0,100.0,0.0,0.0,33.0,0.0,0.0,21.0,0.0,0.0,0.0,50.0,0.0,94.0,0.0,0.0,42.0,30.0,0.0,0.0,32.0,0.0,23.0,42.0,41.0,54.0,0.0,48.0,0.9402280000000001
2016-40,0.9402280000000001,36.0,22.0,39.0,28.0,0.0,0.0,14.0,44.0,0.0,63.0,24.0,40.0,30.0,24.0,0.0,30.0,43.0,43.0,0.0,0.0,0.0,46.0,0.0,0.0,0.0,0.0,33.0,0.0,0.0,21.0,0.0,40.0,0.0,0.0,0.0,0.0,41.0,0.0,0.0,0.0,45.0,54.0,24.0,29.0,34.0,42.0,0.0,44.0,43.0,0.0,1.1568100000000001
2016-41,1.1568100000000001,36.0,22.0,39.0,28.0,0.0,0.0,14.0,44.0,0.0,63.0,24.0,40.0,30.0,24.0,0.0,30.0,43.0,43.0,0.0,0.0,0.0,46.0,0.0,0.0,0.0,0.0,33.0,0.0,0.0,21.0,0.0,40.0,0.0,0.0,0.0,0.0,41.0,0.0,0.0,0.0,45.0,54.0,24.0,29.0,34.0,42.0,0.0,44.0,43.0,0.0,0.501792
2016-42,0.501792,36.0,22.0,39.0,28.0,0.0,0.0,14.0,44.0,0.0,63.0,24.0,40.0,30.0,24.0,0.0,30.0,43.0,43.0,0.0,0.0,0.0,46.0,0.0,0.0,0.0,0.0,33.0,0.0,0.0,21.0,0.0,40.0,0.0,0.0,0.0,0.0,41.0,0.0,0.0,0.0,45.0,54.0,24.0,29.0,34.0,42.0,0.0,44.0,43.0,0.0,0.816327
2016-43,0.816327,36.0,22.0,39.0,28.0,0.0,0.0,14.0,44.0,0.0,63.0,24.0,40.0,30.0,24.0,0.0,30.0,43.0,43.0,0.0,0.0,0.0,46.0,0.0,0.0,0.0,0.0,33.0,0.0,0.0,21.0,0.0,40.0,0.0,0.0,0.0,0.0,41.0,0.0,0.0,0.0,45.0,54.0,24.0,29.0,34.0,42.0,0.0,44.0,43.0,0.0,0.5336890000000001
2016-44,0.5336890000000001,36.0,22.0,39.0,28.0,0.0,0.0,14.0,44.0,0.0,63.0,24.0,40.0,30.0,24.0,0.0,30.0,43.0,43.0,0.0,0.0,0.0,46.0,0.0,0.0,0.0,0.0,33.0,0.0,0.0,21.0,0.0,40.0,0.0,0.0,0.0,0.0,41.0,0.0,0.0,0.0,45.0,54.0,24.0,29.0,34.0,42.0,0.0,44.0,43.0,0.0,0.802469
2016-45,0.802469,35.0,0.0,100.0,17.0,0.0,51.0,14.0,22.0,0.0,62.0,0.0,39.0,30.0,0.0,60.0,30.0,43.0,0.0,0.0,0.0,0.0,48.0,22.0,0.0,0.0,43.0,0.0,0.0,37.0,21.0,0.0,39.0,0.0,49.0,96.0,0.0,0.0,0.0,42.0,0.0,0.0,0.0,16.0,0.0,11.0,0.0,0.0,22.0,0.0,0.0,1.1215
2016-46,1.1215,35.0,0.0,100.0,17.0,0.0,51.0,14.0,22.0,0.0,62.0,0.0,39.0,30.0,0.0,60.0,30.0,43.0,0.0,0.0,0.0,0.0,48.0,22.0,0.0,0.0,43.0,0.0,0.0,37.0,21.0,0.0,39.0,0.0,49.0,96.0,0.0,0.0,0.0,42.0,0.0,0.0,0.0,16.0,0.0,11.0,0.0,0.0,22.0,0.0,0.0,1.0007700000000002
2016-47,1.0007700000000002,35.0,0.0,100.0,17.0,0.0,51.0,14.0,22.0,0.0,62.0,0.0,39.0,30.0,0.0,60.0,30.0,43.0,0.0,0.0,0.0,0.0,48.0,22.0,0.0,0.0,43.0,0.0,0.0,37.0,21.0,0.0,39.0,0.0,49.0,96.0,0.0,0.0,0.0,42.0,0.0,0.0,0.0,16.0,0.0,11.0,0.0,0.0,22.0,0.0,0.0,1.10894
2016-48,1.10894,35.0,0.0,100.0,17.0,0.0,51.0,14.0,22.0,0.0,62.0,0.0,39.0,30.0,0.0,60.0,30.0,43.0,0.0,0.0,0.0,0.0,48.0,22.0,0.0,0.0,43.0,0.0,0.0,37.0,21.0,0.0,39.0,0.0,49.0,96.0,0.0,0.0,0.0,42.0,0.0,0.0,0.0,16.0,0.0,11.0,0.0,0.0,22.0,0.0,0.0,0.70373
2016-49,0.70373,27.0,42.0,38.0,13.0,25.0,50.0,0.0,42.0,0.0,61.0,45.0,38.0,29.0,45.0,29.0,29.0,0.0,0.0,0.0,0.0,36.0,44.0,22.0,97.0,0.0,21.0,0.0,0.0,0.0,50.0,0.0,38.0,0.0,0.0,0.0,0.0,0.0,36.0,41.0,0.0,0.0,0.0,8.0,0.0,11.0,0.0,0.0,42.0,0.0,0.0,0.683995
2016-50,0.683995,27.0,42.0,38.0,13.0,25.0,50.0,0.0,42.0,0.0,61.0,45.0,38.0,29.0,45.0,29.0,29.0,0.0,0.0,0.0,0.0,36.0,44.0,22.0,97.0,0.0,21.0,0.0,0.0,0.0,50.0,0.0,38.0,0.0,0.0,0.0,0.0,0.0,36.0,41.0,0.0,0.0,0.0,8.0,0.0,11.0,0.0,0.0,42.0,0.0,0.0,1.27688
2016-51,1.27688,27.0,42.0,38.0,13.0,25.0,50.0,0.0,42.0,0.0,61.0,45.0,38.0,29.0,45.0,29.0,29.0,0.0,0.0,0.0,0.0,36.0,44.0,22.0,97.0,0.0,21.0,0.0,0.0,0.0,50.0,0.0,38.0,0.0,0.0,0.0,0.0,0.0,36.0,41.0,0.0,0.0,0.0,8.0,0.0,11.0,0.0,0.0,42.0,0.0,0.0,1.60226
2016-52,1.60226,27.0,42.0,38.0,13.0,25.0,50.0,0.0,42.0,0.0,61.0,45.0,38.0,29.0,45.0,29.0,29.0,0.0,0.0,0.0,0.0,36.0,44.0,22.0,97.0,0.0,21.0,0.0,0.0,0.0,50.0,0.0,38.0,0.0,0.0,0.0,0.0,0.0,36.0,41.0,0.0,0.0,0.0,8.0,0.0,11.0,0.0,0.0,42.0,0.0,0.0,0.8519
2017-01,0.8519,27.0,42.0,38.0,13.0,25.0,50.0,0.0,42.0,0.0,61.0,45.0,38.0,29.0,45.0,29.0,29.0,0.0,0.0,0.0,0.0,36.0,44.0,22.0,97.0,0.0,21.0,0.0,0.0,0.0,50.0,0.0,38.0,0.0,0.0,0.0,0.0,0.0,36.0,41.0,0.0,0.0,0.0,8.0,0.0,11.0,0.0,0.0,42.0,0.0,0.0,2.6212299999999997
2017-02,2.6212299999999997,27.0,42.0,38.0,13.0,25.0,50.0,0.0,42.0,0.0,61.0,45.0,38.0,29.0,45.0,29.0,29.0,0.0,0.0,0.0,0.0,36.0,44.0,22.0,97.0,0.0,21.0,0.0,0.0,0.0,50.0,0.0,38.0,0.0,0.0,0.0,0.0,0.0,36.0,41.0,0.0,0.0,0.0,8.0,0.0,11.0,0.0,0.0,42.0,0.0,0.0,1.9661
2017-03,1.9661,27.0,42.0,38.0,13.0,25.0,50.0,0.0,42.0,0.0,61.0,45.0,38.0,29.0,45.0,29.0,29.0,0.0,0.0,0.0,0.0,36.0,44.0,22.0,97.0,0.0,21.0,0.0,0.0,0.0,50.0,0.0,38.0,0.0,0.0,0.0,0.0,0.0,36.0,41.0,0.0,0.0,0.0,8.0,0.0,11.0,0.0,0.0,42.0,0.0,0.0,1.91713
2017-04,1.91713,27.0,42.0,38.0,13.0,25.0,50.0,0.0,42.0,0.0,61.0,45.0,38.0,29.0,45.0,29.0,29.0,0.0,0.0,0.0,0.0,36.0,44.0,22.0,97.0,0.0,21.0,0.0,0.0,0.0,50.0,0.0,38.0,0.0,0.0,0.0,0.0,0.0,36.0,41.0,0.0,0.0,0.0,8.0,0.0,11.0,0.0,0.0,42.0,0.0,0.0,2.29153
2017-05,2.29153,27.0,42.0,38.0,13.0,25.0,50.0,0.0,42.0,0.0,61.0,45.0,38.0,29.0,45.0,29.0,29.0,0.0,0.0,0.0,0.0,36.0,44.0,22.0,97.0,0.0,21.0,0.0,0.0,0.0,50.0,0.0,38.0,0.0,0.0,0.0,0.0,0.0,36.0,41.0,0.0,0.0,0.0,8.0,0.0,11.0,0.0,0.0,42.0,0.0,0.0,3.7151699999999996
2017-06,3.7151699999999996,27.0,42.0,38.0,13.0,25.0,50.0,0.0,42.0,0.0,61.0,45.0,38.0,29.0,45.0,29.0,29.0,0.0,0.0,0.0,0.0,36.0,44.0,22.0,97.0,0.0,21.0,0.0,0.0,0.0,50.0,0.0,38.0,0.0,0.0,0.0,0.0,0.0,36.0,41.0,0.0,0.0,0.0,8.0,0.0,11.0,0.0,0.0,42.0,0.0,0.0,4.28744
2017-07,4.28744,27.0,42.0,38.0,13.0,25.0,50.0,0.0,42.0,0.0,61.0,45.0,38.0,29.0,45.0,29.0,29.0,0.0,0.0,0.0,0.0,36.0,44.0,22.0,97.0,0.0,21.0,0.0,0.0,0.0,50.0,0.0,38.0,0.0,0.0,0.0,0.0,0.0,36.0,41.0,0.0,0.0,0.0,8.0,0.0,11.0,0.0,0.0,42.0,0.0,0.0,3.7627599999999997
2017-08,3.7627599999999997,27.0,42.0,38.0,13.0,25.0,50.0,0.0,42.0,0.0,61.0,45.0,38.0,29.0,45.0,29.0,29.0,0.0,0.0,0.0,0.0,36.0,44.0,22.0,97.0,0.0,21.0,0.0,0.0,0.0,50.0,0.0,38.0,0.0,0.0,0.0,0.0,0.0,36.0,41.0,0.0,0.0,0.0,8.0,0.0,11.0,0.0,0.0,42.0,0.0,0.0,3.52423
2017-09,3.52423,27.0,42.0,38.0,13.0,25.0,50.0,0.0,42.0,0.0,61.0,45.0,38.0,29.0,45.0,29.0,29.0,0.0,0.0,0.0,0.0,36.0,44.0,22.0,97.0,0.0,21.0,0.0,0.0,0.0,50.0,0.0,38.0,0.0,0.0,0.0,0.0,0.0,36.0,41.0,0.0,0.0,0.0,8.0,0.0,11.0,0.0,0.0,42.0,0.0,0.0,1.7407
2017-10,1.7407,27.0,42.0,38.0,13.0,25.0,50.0,0.0,42.0,0.0,61.0,45.0,38.0,29.0,45.0,29.0,29.0,0.0,0.0,0.0,0.0,36.0,44.0,22.0,97.0,0.0,21.0,0.0,0.0,0.0,50.0,0.0,38.0,0.0,0.0,0.0,0.0,0.0,36.0,41.0,0.0,0.0,0.0,8.0,0.0,11.0,0.0,0.0,42.0,0.0,0.0,2.35988
2017-11,2.35988,27.0,42.0,38.0,13.0,25.0,50.0,0.0,42.0,0.0,61.0,45.0,38.0,29.0,45.0,29.0,29.0,0.0,0.0,0.0,0.0,36.0,44.0,22.0,97.0,0.0,21.0,0.0,0.0,0.0,50.0,0.0,38.0,0.0,0.0,0.0,0.0,0.0,36.0,41.0,0.0,0.0,0.0,8.0,0.0,11.0,0.0,0.0,42.0,0.0,0.0,2.5196
2017-12,2.5196,27.0,42.0,38.0,13.0,25.0,50.0,0.0,42.0,0.0,61.0,45.0,38.0,29.0,45.0,29.0,29.0,0.0,0.0,0.0,0.0,36.0,44.0,22.0,97.0,0.0,21.0,0.0,0.0,0.0,50.0,0.0,38.0,0.0,0.0,0.0,0.0,0.0,36.0,41.0,0.0,0.0,0.0,8.0,0.0,11.0,0.0,0.0,42.0,0.0,0.0,4.30168
2017-13,4.30168,27.0,42.0,38.0,13.0,25.0,50.0,0.0,42.0,0.0,61.0,45.0,38.0,29.0,45.0,29.0,29.0,0.0,0.0,0.0,0.0,36.0,44.0,22.0,97.0,0.0,21.0,0.0,0.0,0.0,50.0,0.0,38.0,0.0,0.0,0.0,0.0,0.0,36.0,41.0,0.0,0.0,0.0,8.0,0.0,11.0,0.0,0.0,42.0,0.0,0.0,3.8583199999999995
2017-14,3.8583199999999995,20.0,22.0,39.0,27.0,26.0,0.0,14.0,22.0,0.0,44.0,0.0,0.0,0.0,0.0,30.0,0.0,44.0,0.0,0.0,0.0,0.0,29.0,23.0,0.0,0.0,44.0,0.0,76.0,0.0,42.0,0.0,0.0,15.0,0.0,0.0,0.0,0.0,0.0,0.0,0.0,0.0,0.0,8.0,29.0,57.0,0.0,0.0,22.0,0.0,0.0,3.2498299999999998
2017-15,3.2498299999999998,20.0,22.0,39.0,27.0,26.0,0.0,14.0,22.0,0.0,44.0,0.0,0.0,0.0,0.0,30.0,0.0,44.0,0.0,0.0,0.0,0.0,29.0,23.0,0.0,0.0,44.0,0.0,76.0,0.0,42.0,0.0,0.0,15.0,0.0,0.0,0.0,0.0,0.0,0.0,0.0,0.0,0.0,8.0,29.0,57.0,0.0,0.0,22.0,0.0,0.0,2.41503
2017-16,2.41503,20.0,22.0,39.0,27.0,26.0,0.0,14.0,22.0,0.0,44.0,0.0,0.0,0.0,0.0,30.0,0.0,44.0,0.0,0.0,0.0,0.0,29.0,23.0,0.0,0.0,44.0,0.0,76.0,0.0,42.0,0.0,0.0,15.0,0.0,0.0,0.0,0.0,0.0,0.0,0.0,0.0,0.0,8.0,29.0,57.0,0.0,0.0,22.0,0.0,0.0,1.6801099999999998
2017-17,1.6801099999999998,20.0,22.0,39.0,27.0,26.0,0.0,14.0,22.0,0.0,44.0,0.0,0.0,0.0,0.0,30.0,0.0,44.0,0.0,0.0,0.0,0.0,29.0,23.0,0.0,0.0,44.0,0.0,76.0,0.0,42.0,0.0,0.0,15.0,0.0,0.0,0.0,0.0,0.0,0.0,0.0,0.0,0.0,8.0,29.0,57.0,0.0,0.0,22.0,0.0,0.0,2.75168
2017-18,2.75168,20.0,22.0,39.0,27.0,26.0,0.0,14.0,22.0,0.0,44.0,0.0,0.0,0.0,0.0,30.0,0.0,44.0,0.0,0.0,0.0,0.0,29.0,23.0,0.0,0.0,44.0,0.0,76.0,0.0,42.0,0.0,0.0,15.0,0.0,0.0,0.0,0.0,0.0,0.0,0.0,0.0,0.0,8.0,29.0,57.0,0.0,0.0,22.0,0.0,0.0,1.3629799999999999
2017-19,1.3629799999999999,9.0,0.0,17.0,11.0,28.0,27.0,8.0,0.0,0.0,47.0,0.0,0.0,0.0,0.0,0.0,0.0,46.0,0.0,0.0,0.0,0.0,37.0,0.0,0.0,0.0,23.0,0.0,0.0,0.0,22.0,0.0,0.0,0.0,0.0,0.0,0.0,44.0,0.0,0.0,0.0,0.0,0.0,17.0,0.0,12.0,0.0,0.0,0.0,0.0,0.0,1.162
2017-20,1.162,9.0,0.0,17.0,11.0,28.0,27.0,8.0,0.0,0.0,47.0,0.0,0.0,0.0,0.0,0.0,0.0,46.0,0.0,0.0,0.0,0.0,37.0,0.0,0.0,0.0,23.0,0.0,0.0,0.0,22.0,0.0,0.0,0.0,0.0,0.0,0.0,44.0,0.0,0.0,0.0,0.0,0.0,17.0,0.0,12.0,0.0,0.0,0.0,0.0,0.0,0.818554
2017-21,0.818554,9.0,0.0,17.0,11.0,28.0,27.0,8.0,0.0,0.0,47.0,0.0,0.0,0.0,0.0,0.0,0.0,46.0,0.0,0.0,0.0,0.0,37.0,0.0,0.0,0.0,23.0,0.0,0.0,0.0,22.0,0.0,0.0,0.0,0.0,0.0,0.0,44.0,0.0,0.0,0.0,0.0,0.0,17.0,0.0,12.0,0.0,0.0,0.0,0.0,0.0,0.772472
2017-22,0.772472,9.0,0.0,17.0,11.0,28.0,27.0,8.0,0.0,0.0,47.0,0.0,0.0,0.0,0.0,0.0,0.0,46.0,0.0,0.0,0.0,0.0,37.0,0.0,0.0,0.0,23.0,0.0,0.0,0.0,22.0,0.0,0.0,0.0,0.0,0.0,0.0,44.0,0.0,0.0,0.0,0.0,0.0,17.0,0.0,12.0,0.0,0.0,0.0,0.0,0.0,0.98661
2017-23,0.98661,13.0,0.0,0.0,7.0,27.0,53.0,0.0,0.0,0.0,32.0,0.0,0.0,32.0,0.0,31.0,32.0,0.0,0.0,0.0,0.0,0.0,32.0,23.0,0.0,0.0,0.0,0.0,0.0,0.0,22.0,32.0,0.0,0.0,0.0,0.0,0.0,0.0,0.0,0.0,0.0,0.0,0.0,8.0,30.0,0.0,0.0,0.0,0.0,0.0,49.0,0.479781
2017-24,0.479781,13.0,0.0,0.0,7.0,27.0,53.0,0.0,0.0,0.0,32.0,0.0,0.0,32.0,0.0,31.0,32.0,0.0,0.0,0.0,0.0,0.0,32.0,23.0,0.0,0.0,0.0,0.0,0.0,0.0,22.0,32.0,0.0,0.0,0.0,0.0,0.0,0.0,0.0,0.0,0.0,0.0,0.0,8.0,30.0,0.0,0.0,0.0,0.0,0.0,49.0,1.7773599999999998
2017-25,1.7773599999999998,13.0,0.0,0.0,7.0,27.0,53.0,0.0,0.0,0.0,32.0,0.0,0.0,32.0,0.0,31.0,32.0,0.0,0.0,0.0,0.0,0.0,32.0,23.0,0.0,0.0,0.0,0.0,0.0,0.0,22.0,32.0,0.0,0.0,0.0,0.0,0.0,0.0,0.0,0.0,0.0,0.0,0.0,8.0,30.0,0.0,0.0,0.0,0.0,0.0,49.0,0.434783
2017-26,0.434783,13.0,0.0,0.0,7.0,27.0,53.0,0.0,0.0,0.0,32.0,0.0,0.0,32.0,0.0,31.0,32.0,0.0,0.0,0.0,0.0,0.0,32.0,23.0,0.0,0.0,0.0,0.0,0.0,0.0,22.0,32.0,0.0,0.0,0.0,0.0,0.0,0.0,0.0,0.0,0.0,0.0,0.0,8.0,30.0,0.0,0.0,0.0,0.0,0.0,49.0,0.482625
2017-27,0.482625,11.0,21.0,15.0,13.0,0.0,0.0,0.0,21.0,0.0,36.0,23.0,38.0,58.0,23.0,29.0,58.0,41.0,0.0,0.0,0.0,0.0,46.0,0.0,0.0,0.0,21.0,0.0,73.0,0.0,20.0,0.0,38.0,0.0,0.0,0.0,0.0,0.0,36.0,0.0,29.0,43.0,0.0,8.0,28.0,22.0,0.0,0.0,21.0,0.0,0.0,0.694444
2017-28,0.694444,11.0,21.0,15.0,13.0,0.0,0.0,0.0,21.0,0.0,36.0,23.0,38.0,58.0,23.0,29.0,58.0,41.0,0.0,0.0,0.0,0.0,46.0,0.0,0.0,0.0,21.0,0.0,73.0,0.0,20.0,0.0,38.0,0.0,0.0,0.0,0.0,0.0,36.0,0.0,29.0,43.0,0.0,8.0,28.0,22.0,0.0,0.0,21.0,0.0,0.0,0.0001
2017-29,0.0001,11.0,21.0,15.0,13.0,0.0,0.0,0.0,21.0,0.0,36.0,23.0,38.0,58.0,23.0,29.0,58.0,41.0,0.0,0.0,0.0,0.0,46.0,0.0,0.0,0.0,21.0,0.0,73.0,0.0,20.0,0.0,38.0,0.0,0.0,0.0,0.0,0.0,36.0,0.0,29.0,43.0,0.0,8.0,28.0,22.0,0.0,0.0,21.0,0.0,0.0,0.0001
2017-30,0.0001,11.0,21.0,15.0,13.0,0.0,0.0,0.0,21.0,0.0,36.0,23.0,38.0,58.0,23.0,29.0,58.0,41.0,0.0,0.0,0.0,0.0,46.0,0.0,0.0,0.0,21.0,0.0,73.0,0.0,20.0,0.0,38.0,0.0,0.0,0.0,0.0,0.0,36.0,0.0,29.0,43.0,0.0,8.0,28.0,22.0,0.0,0.0,21.0,0.0,0.0,0.990099
2017-31,0.990099,11.0,21.0,15.0,13.0,0.0,0.0,0.0,21.0,0.0,36.0,23.0,38.0,58.0,23.0,29.0,58.0,41.0,0.0,0.0,0.0,0.0,46.0,0.0,0.0,0.0,21.0,0.0,73.0,0.0,20.0,0.0,38.0,0.0,0.0,0.0,0.0,0.0,36.0,0.0,29.0,43.0,0.0,8.0,28.0,22.0,0.0,0.0,21.0,0.0,0.0,0.686342
2017-32,0.686342,32.0,0.0,15.0,14.0,0.0,25.0,60.0,0.0,46.0,44.0,0.0,40.0,0.0,0.0,30.0,0.0,43.0,0.0,0.0,0.0,0.0,65.0,0.0,50.0,0.0,21.0,0.0,0.0,38.0,21.0,31.0,40.0,0.0,0.0,0.0,0.0,41.0,0.0,42.0,0.0,0.0,53.0,0.0,29.0,33.0,42.0,0.0,0.0,0.0,0.0,0.491573
2017-33,0.491573,32.0,0.0,15.0,14.0,0.0,25.0,60.0,0.0,46.0,44.0,0.0,40.0,0.0,0.0,30.0,0.0,43.0,0.0,0.0,0.0,0.0,65.0,0.0,50.0,0.0,21.0,0.0,0.0,38.0,21.0,31.0,40.0,0.0,0.0,0.0,0.0,41.0,0.0,42.0,0.0,0.0,53.0,0.0,29.0,33.0,42.0,0.0,0.0,0.0,0.0,0.751366
2017-34,0.751366,32.0,0.0,15.0,14.0,0.0,25.0,60.0,0.0,46.0,44.0,0.0,40.0,0.0,0.0,30.0,0.0,43.0,0.0,0.0,0.0,0.0,65.0,0.0,50.0,0.0,21.0,0.0,0.0,38.0,21.0,31.0,40.0,0.0,0.0,0.0,0.0,41.0,0.0,42.0,0.0,0.0,53.0,0.0,29.0,33.0,42.0,0.0,0.0,0.0,0.0,1.03806
2017-35,1.03806,32.0,0.0,15.0,14.0,0.0,25.0,60.0,0.0,46.0,44.0,0.0,40.0,0.0,0.0,30.0,0.0,43.0,0.0,0.0,0.0,0.0,65.0,0.0,50.0,0.0,21.0,0.0,0.0,38.0,21.0,31.0,40.0,0.0,0.0,0.0,0.0,41.0,0.0,42.0,0.0,0.0,53.0,0.0,29.0,33.0,42.0,0.0,0.0,0.0,0.0,1.60056
2017-36,1.60056,42.0,0.0,22.0,36.0,25.0,25.0,68.0,42.0,0.0,36.0,34.0,38.0,29.0,34.0,44.0,29.0,0.0,41.0,0.0,0.0,0.0,44.0,22.0,0.0,0.0,0.0,48.0,0.0,36.0,50.0,0.0,38.0,0.0,48.0,0.0,0.0,40.0,0.0,0.0,0.0,43.0,51.0,31.0,0.0,44.0,40.0,0.0,42.0,0.0,0.0,1.92308
2017-37,1.92308,42.0,0.0,22.0,36.0,25.0,25.0,68.0,42.0,0.0,36.0,34.0,38.0,29.0,34.0,44.0,29.0,0.0,41.0,0.0,0.0,0.0,44.0,22.0,0.0,0.0,0.0,48.0,0.0,36.0,50.0,0.0,38.0,0.0,48.0,0.0,0.0,40.0,0.0,0.0,0.0,43.0,51.0,31.0,0.0,44.0,40.0,0.0,42.0,0.0,0.0,2.0322400000000003
2017-38,2.0322400000000003,42.0,0.0,22.0,36.0,25.0,25.0,68.0,42.0,0.0,36.0,34.0,38.0,29.0,34.0,44.0,29.0,0.0,41.0,0.0,0.0,0.0,44.0,22.0,0.0,0.0,0.0,48.0,0.0,36.0,50.0,0.0,38.0,0.0,48.0,0.0,0.0,40.0,0.0,0.0,0.0,43.0,51.0,31.0,0.0,44.0,40.0,0.0,42.0,0.0,0.0,1.7673
2017-39,1.7673,42.0,0.0,22.0,36.0,25.0,25.0,68.0,42.0,0.0,36.0,34.0,38.0,29.0,34.0,44.0,29.0,0.0,41.0,0.0,0.0,0.0,44.0,22.0,0.0,0.0,0.0,48.0,0.0,36.0,50.0,0.0,38.0,0.0,48.0,0.0,0.0,40.0,0.0,0.0,0.0,43.0,51.0,31.0,0.0,44.0,40.0,0.0,42.0,0.0,0.0,2.72675
2017-40,2.72675,40.0,22.0,30.0,41.0,26.0,50.0,24.0,0.0,0.0,31.0,0.0,0.0,30.0,0.0,45.0,30.0,0.0,43.0,0.0,0.0,37.0,62.0,0.0,0.0,0.0,22.0,0.0,0.0,0.0,41.0,0.0,0.0,0.0,0.0,47.0,0.0,0.0,37.0,0.0,0.0,44.0,53.0,24.0,0.0,11.0,0.0,40.0,0.0,0.0,47.0,2.74487
2017-41,2.74487,40.0,22.0,30.0,41.0,26.0,50.0,24.0,0.0,0.0,31.0,0.0,0.0,30.0,0.0,45.0,30.0,0.0,43.0,0.0,0.0,37.0,62.0,0.0,0.0,0.0,22.0,0.0,0.0,0.0,41.0,0.0,0.0,0.0,0.0,47.0,0.0,0.0,37.0,0.0,0.0,44.0,53.0,24.0,0.0,11.0,0.0,40.0,0.0,0.0,47.0,3.72405
2017-42,3.72405,40.0,22.0,30.0,41.0,26.0,50.0,24.0,0.0,0.0,31.0,0.0,0.0,30.0,0.0,45.0,30.0,0.0,43.0,0.0,0.0,37.0,62.0,0.0,0.0,0.0,22.0,0.0,0.0,0.0,41.0,0.0,0.0,0.0,0.0,47.0,0.0,0.0,37.0,0.0,0.0,44.0,53.0,24.0,0.0,11.0,0.0,40.0,0.0,0.0,47.0,3.28407
