date,wyoming_flu,flu,bird flu,influenza a and b,pneumonia,flu how long,fever cough,flu and cold,the flu,flu symptoms,how long flu,how long is the flu,symptoms of flu,fever reducer,cold and flu,how long contagious,i have the flu,low body,is the flu contagious,flu vs cold,flu symptoms 2018,human temperature,high fever,spanish flu,cold vs flu,influenza symptoms,the flu virus,thermoscan,normal body temperature,how long does the flu last,cdc flu map,fever flu,stomach flu,how long does flu last,swine flu,flu cough,contagious flu,signs of flu,normal body,is flu contagious,ear thermometer,flu fever,symptoms of the flu,keto flu,flu contagious,bronchitis,oscillococcinum,flu medicine,body temperature,target
2010-40,0.632911,15.0,0.0,0.0,28.0,0.0,0.0,0.0,13.0,14.0,0.0,0.0,50.0,0.0,0.0,0.0,0.0,43.0,0.0,0.0,0.0,0.0,0.0,0.0,0.0,0.0,0.0,0.0,0.0,0.0,0.0,46.0,0.0,0.0,30.0,0.0,0.0,0.0,54.0,0.0,0.0,0.0,0.0,0.0,0.0,20.0,0.0,0.0,38.0,0.440621
2010-41,0.440621,15.0,0.0,0.0,28.0,0.0,0.0,0.0,13.0,14.0,0.0,0.0,50.0,0.0,0.0,0.0,0.0,43.0,0.0,0.0,0.0,0.0,0.0,0.0,0.0,0.0,0.0,0.0,0.0,0.0,0.0,46.0,0.0,0.0,30.0,0.0,0.0,0.0,54.0,0.0,0.0,0.0,0.0,0.0,0.0,20.0,0.0,0.0,38.0,0.44179799999999997
2010-42,0.44179799999999997,15.0,0.0,0.0,28.0,0.0,0.0,0.0,13.0,14.0,0.0,0.0,50.0,0.0,0.0,0.0,0.0,43.0,0.0,0.0,0.0,0.0,0.0,0.0,0.0,0.0,0.0,0.0,0.0,0.0,0.0,46.0,0.0,0.0,30.0,0.0,0.0,0.0,54.0,0.0,0.0,0.0,0.0,0.0,0.0,20.0,0.0,0.0,38.0,0.490305
2010-43,0.490305,15.0,0.0,0.0,28.0,0.0,0.0,0.0,13.0,14.0,0.0,0.0,50.0,0.0,0.0,0.0,0.0,43.0,0.0,0.0,0.0,0.0,0.0,0.0,0.0,0.0,0.0,0.0,0.0,0.0,0.0,46.0,0.0,0.0,30.0,0.0,0.0,0.0,54.0,0.0,0.0,0.0,0.0,0.0,0.0,20.0,0.0,0.0,38.0,0.5666359999999999
2010-44,0.5666359999999999,15.0,0.0,0.0,28.0,0.0,0.0,0.0,13.0,14.0,0.0,0.0,50.0,0.0,0.0,0.0,0.0,43.0,0.0,0.0,0.0,0.0,0.0,0.0,0.0,0.0,0.0,0.0,0.0,0.0,0.0,46.0,0.0,0.0,30.0,0.0,0.0,0.0,54.0,0.0,0.0,0.0,0.0,0.0,0.0,20.0,0.0,0.0,38.0,0.46333599999999997
2010-45,0.46333599999999997,10.0,0.0,0.0,17.0,47.0,0.0,0.0,12.0,13.0,47.0,0.0,0.0,0.0,0.0,33.0,0.0,39.0,0.0,0.0,0.0,0.0,0.0,0.0,0.0,0.0,0.0,0.0,0.0,0.0,0.0,0.0,0.0,100.0,0.0,64.0,0.0,0.0,0.0,0.0,0.0,0.0,0.0,0.0,0.0,18.0,0.0,0.0,0.0,0.744725
2010-46,0.744725,10.0,0.0,0.0,17.0,47.0,0.0,0.0,12.0,13.0,47.0,0.0,0.0,0.0,0.0,33.0,0.0,39.0,0.0,0.0,0.0,0.0,0.0,0.0,0.0,0.0,0.0,0.0,0.0,0.0,0.0,0.0,0.0,100.0,0.0,64.0,0.0,0.0,0.0,0.0,0.0,0.0,0.0,0.0,0.0,18.0,0.0,0.0,0.0,0.500147
2010-47,0.500147,10.0,0.0,0.0,17.0,47.0,0.0,0.0,12.0,13.0,47.0,0.0,0.0,0.0,0.0,33.0,0.0,39.0,0.0,0.0,0.0,0.0,0.0,0.0,0.0,0.0,0.0,0.0,0.0,0.0,0.0,0.0,0.0,100.0,0.0,64.0,0.0,0.0,0.0,0.0,0.0,0.0,0.0,0.0,0.0,18.0,0.0,0.0,0.0,0.593776
2010-48,0.593776,10.0,0.0,0.0,17.0,47.0,0.0,0.0,12.0,13.0,47.0,0.0,0.0,0.0,0.0,33.0,0.0,39.0,0.0,0.0,0.0,0.0,0.0,0.0,0.0,0.0,0.0,0.0,0.0,0.0,0.0,0.0,0.0,100.0,0.0,64.0,0.0,0.0,0.0,0.0,0.0,0.0,0.0,0.0,0.0,18.0,0.0,0.0,0.0,0.41832299999999994
2010-49,0.41832299999999994,8.0,0.0,0.0,46.0,0.0,0.0,0.0,0.0,14.0,0.0,0.0,0.0,0.0,0.0,35.0,0.0,43.0,0.0,0.0,0.0,61.0,0.0,100.0,0.0,0.0,72.0,0.0,49.0,0.0,0.0,0.0,0.0,0.0,30.0,0.0,90.0,0.0,0.0,0.0,0.0,0.0,62.0,0.0,90.0,20.0,0.0,0.0,0.0,0.311785
2010-50,0.311785,8.0,0.0,0.0,46.0,0.0,0.0,0.0,0.0,14.0,0.0,0.0,0.0,0.0,0.0,35.0,0.0,43.0,0.0,0.0,0.0,61.0,0.0,100.0,0.0,0.0,72.0,0.0,49.0,0.0,0.0,0.0,0.0,0.0,30.0,0.0,90.0,0.0,0.0,0.0,0.0,0.0,62.0,0.0,90.0,20.0,0.0,0.0,0.0,1.63244
2010-51,1.63244,8.0,0.0,0.0,46.0,0.0,0.0,0.0,0.0,14.0,0.0,0.0,0.0,0.0,0.0,35.0,0.0,43.0,0.0,0.0,0.0,61.0,0.0,100.0,0.0,0.0,72.0,0.0,49.0,0.0,0.0,0.0,0.0,0.0,30.0,0.0,90.0,0.0,0.0,0.0,0.0,0.0,62.0,0.0,90.0,20.0,0.0,0.0,0.0,1.46377
2010-52,1.46377,8.0,0.0,0.0,46.0,0.0,0.0,0.0,0.0,14.0,0.0,0.0,0.0,0.0,0.0,35.0,0.0,43.0,0.0,0.0,0.0,61.0,0.0,100.0,0.0,0.0,72.0,0.0,49.0,0.0,0.0,0.0,0.0,0.0,30.0,0.0,90.0,0.0,0.0,0.0,0.0,0.0,62.0,0.0,90.0,20.0,0.0,0.0,0.0,0.806285
2011-01,0.806285,8.0,0.0,0.0,46.0,0.0,0.0,0.0,0.0,14.0,0.0,0.0,0.0,0.0,0.0,35.0,0.0,43.0,0.0,0.0,0.0,61.0,0.0,100.0,0.0,0.0,72.0,0.0,49.0,0.0,0.0,0.0,0.0,0.0,30.0,0.0,90.0,0.0,0.0,0.0,0.0,0.0,62.0,0.0,90.0,20.0,0.0,0.0,0.0,1.06561
2011-02,1.06561,8.0,0.0,0.0,46.0,0.0,0.0,0.0,0.0,14.0,0.0,0.0,0.0,0.0,0.0,35.0,0.0,43.0,0.0,0.0,0.0,61.0,0.0,100.0,0.0,0.0,72.0,0.0,49.0,0.0,0.0,0.0,0.0,0.0,30.0,0.0,90.0,0.0,0.0,0.0,0.0,0.0,62.0,0.0,90.0,20.0,0.0,0.0,0.0,2.36327
2011-03,2.36327,8.0,0.0,0.0,46.0,0.0,0.0,0.0,0.0,14.0,0.0,0.0,0.0,0.0,0.0,35.0,0.0,43.0,0.0,0.0,0.0,61.0,0.0,100.0,0.0,0.0,72.0,0.0,49.0,0.0,0.0,0.0,0.0,0.0,30.0,0.0,90.0,0.0,0.0,0.0,0.0,0.0,62.0,0.0,90.0,20.0,0.0,0.0,0.0,2.898
2011-04,2.898,8.0,0.0,0.0,46.0,0.0,0.0,0.0,0.0,14.0,0.0,0.0,0.0,0.0,0.0,35.0,0.0,43.0,0.0,0.0,0.0,61.0,0.0,100.0,0.0,0.0,72.0,0.0,49.0,0.0,0.0,0.0,0.0,0.0,30.0,0.0,90.0,0.0,0.0,0.0,0.0,0.0,62.0,0.0,90.0,20.0,0.0,0.0,0.0,2.92516
2011-05,2.92516,8.0,0.0,0.0,46.0,0.0,0.0,0.0,0.0,14.0,0.0,0.0,0.0,0.0,0.0,35.0,0.0,43.0,0.0,0.0,0.0,61.0,0.0,100.0,0.0,0.0,72.0,0.0,49.0,0.0,0.0,0.0,0.0,0.0,30.0,0.0,90.0,0.0,0.0,0.0,0.0,0.0,62.0,0.0,90.0,20.0,0.0,0.0,0.0,3.37715
2011-06,3.37715,8.0,0.0,0.0,46.0,0.0,0.0,0.0,0.0,14.0,0.0,0.0,0.0,0.0,0.0,35.0,0.0,43.0,0.0,0.0,0.0,61.0,0.0,100.0,0.0,0.0,72.0,0.0,49.0,0.0,0.0,0.0,0.0,0.0,30.0,0.0,90.0,0.0,0.0,0.0,0.0,0.0,62.0,0.0,90.0,20.0,0.0,0.0,0.0,2.60146
2011-07,2.60146,8.0,0.0,0.0,46.0,0.0,0.0,0.0,0.0,14.0,0.0,0.0,0.0,0.0,0.0,35.0,0.0,43.0,0.0,0.0,0.0,61.0,0.0,100.0,0.0,0.0,72.0,0.0,49.0,0.0,0.0,0.0,0.0,0.0,30.0,0.0,90.0,0.0,0.0,0.0,0.0,0.0,62.0,0.0,90.0,20.0,0.0,0.0,0.0,2.36935
2011-08,2.36935,8.0,0.0,0.0,46.0,0.0,0.0,0.0,0.0,14.0,0.0,0.0,0.0,0.0,0.0,35.0,0.0,43.0,0.0,0.0,0.0,61.0,0.0,100.0,0.0,0.0,72.0,0.0,49.0,0.0,0.0,0.0,0.0,0.0,30.0,0.0,90.0,0.0,0.0,0.0,0.0,0.0,62.0,0.0,90.0,20.0,0.0,0.0,0.0,2.28645
2011-09,2.28645,8.0,0.0,0.0,46.0,0.0,0.0,0.0,0.0,14.0,0.0,0.0,0.0,0.0,0.0,35.0,0.0,43.0,0.0,0.0,0.0,61.0,0.0,100.0,0.0,0.0,72.0,0.0,49.0,0.0,0.0,0.0,0.0,0.0,30.0,0.0,90.0,0.0,0.0,0.0,0.0,0.0,62.0,0.0,90.0,20.0,0.0,0.0,0.0,1.53282
2011-10,1.53282,8.0,0.0,0.0,46.0,0.0,0.0,0.0,0.0,14.0,0.0,0.0,0.0,0.0,0.0,35.0,0.0,43.0,0.0,0.0,0.0,61.0,0.0,100.0,0.0,0.0,72.0,0.0,49.0,0.0,0.0,0.0,0.0,0.0,30.0,0.0,90.0,0.0,0.0,0.0,0.0,0.0,62.0,0.0,90.0,20.0,0.0,0.0,0.0,1.10763
2011-11,1.10763,8.0,0.0,0.0,46.0,0.0,0.0,0.0,0.0,14.0,0.0,0.0,0.0,0.0,0.0,35.0,0.0,43.0,0.0,0.0,0.0,61.0,0.0,100.0,0.0,0.0,72.0,0.0,49.0,0.0,0.0,0.0,0.0,0.0,30.0,0.0,90.0,0.0,0.0,0.0,0.0,0.0,62.0,0.0,90.0,20.0,0.0,0.0,0.0,0.7701020000000001
2011-12,0.7701020000000001,8.0,0.0,0.0,46.0,0.0,0.0,0.0,0.0,14.0,0.0,0.0,0.0,0.0,0.0,35.0,0.0,43.0,0.0,0.0,0.0,61.0,0.0,100.0,0.0,0.0,72.0,0.0,49.0,0.0,0.0,0.0,0.0,0.0,30.0,0.0,90.0,0.0,0.0,0.0,0.0,0.0,62.0,0.0,90.0,20.0,0.0,0.0,0.0,1.1190200000000001
2011-13,1.1190200000000001,8.0,0.0,0.0,46.0,0.0,0.0,0.0,0.0,14.0,0.0,0.0,0.0,0.0,0.0,35.0,0.0,43.0,0.0,0.0,0.0,61.0,0.0,100.0,0.0,0.0,72.0,0.0,49.0,0.0,0.0,0.0,0.0,0.0,30.0,0.0,90.0,0.0,0.0,0.0,0.0,0.0,62.0,0.0,90.0,20.0,0.0,0.0,0.0,0.837521
2011-14,0.837521,8.0,0.0,0.0,57.0,0.0,0.0,0.0,0.0,15.0,0.0,0.0,0.0,0.0,0.0,0.0,0.0,0.0,0.0,0.0,0.0,0.0,0.0,0.0,0.0,0.0,0.0,100.0,51.0,0.0,0.0,0.0,0.0,0.0,0.0,0.0,0.0,0.0,56.0,0.0,0.0,0.0,0.0,0.0,0.0,0.0,0.0,0.0,0.0,0.515717
2011-15,0.515717,8.0,0.0,0.0,57.0,0.0,0.0,0.0,0.0,15.0,0.0,0.0,0.0,0.0,0.0,0.0,0.0,0.0,0.0,0.0,0.0,0.0,0.0,0.0,0.0,0.0,0.0,100.0,51.0,0.0,0.0,0.0,0.0,0.0,0.0,0.0,0.0,0.0,56.0,0.0,0.0,0.0,0.0,0.0,0.0,0.0,0.0,0.0,0.0,0.575576
2011-16,0.575576,8.0,0.0,0.0,57.0,0.0,0.0,0.0,0.0,15.0,0.0,0.0,0.0,0.0,0.0,0.0,0.0,0.0,0.0,0.0,0.0,0.0,0.0,0.0,0.0,0.0,0.0,100.0,51.0,0.0,0.0,0.0,0.0,0.0,0.0,0.0,0.0,0.0,56.0,0.0,0.0,0.0,0.0,0.0,0.0,0.0,0.0,0.0,0.0,0.347136
2011-17,0.347136,8.0,0.0,0.0,57.0,0.0,0.0,0.0,0.0,15.0,0.0,0.0,0.0,0.0,0.0,0.0,0.0,0.0,0.0,0.0,0.0,0.0,0.0,0.0,0.0,0.0,0.0,100.0,51.0,0.0,0.0,0.0,0.0,0.0,0.0,0.0,0.0,0.0,56.0,0.0,0.0,0.0,0.0,0.0,0.0,0.0,0.0,0.0,0.0,0.252434
2011-18,0.252434,9.0,0.0,0.0,87.0,0.0,0.0,0.0,16.0,0.0,0.0,0.0,0.0,0.0,0.0,0.0,0.0,0.0,0.0,0.0,0.0,0.0,0.0,0.0,0.0,0.0,0.0,0.0,0.0,0.0,0.0,0.0,0.0,0.0,0.0,0.0,0.0,0.0,0.0,0.0,0.0,0.0,0.0,0.0,0.0,24.0,0.0,0.0,0.0,0.692308
2011-19,0.692308,9.0,0.0,0.0,87.0,0.0,0.0,0.0,16.0,0.0,0.0,0.0,0.0,0.0,0.0,0.0,0.0,0.0,0.0,0.0,0.0,0.0,0.0,0.0,0.0,0.0,0.0,0.0,0.0,0.0,0.0,0.0,0.0,0.0,0.0,0.0,0.0,0.0,0.0,0.0,0.0,0.0,0.0,0.0,0.0,24.0,0.0,0.0,0.0,0.424809
2011-20,0.424809,9.0,0.0,0.0,87.0,0.0,0.0,0.0,16.0,0.0,0.0,0.0,0.0,0.0,0.0,0.0,0.0,0.0,0.0,0.0,0.0,0.0,0.0,0.0,0.0,0.0,0.0,0.0,0.0,0.0,0.0,0.0,0.0,0.0,0.0,0.0,0.0,0.0,0.0,0.0,0.0,0.0,0.0,0.0,0.0,24.0,0.0,0.0,0.0,0.166875
2011-21,0.166875,9.0,0.0,0.0,87.0,0.0,0.0,0.0,16.0,0.0,0.0,0.0,0.0,0.0,0.0,0.0,0.0,0.0,0.0,0.0,0.0,0.0,0.0,0.0,0.0,0.0,0.0,0.0,0.0,0.0,0.0,0.0,0.0,0.0,0.0,0.0,0.0,0.0,0.0,0.0,0.0,0.0,0.0,0.0,0.0,24.0,0.0,0.0,0.0,0.182232
2011-22,0.182232,9.0,0.0,0.0,87.0,0.0,0.0,0.0,16.0,0.0,0.0,0.0,0.0,0.0,0.0,0.0,0.0,0.0,0.0,0.0,0.0,0.0,0.0,0.0,0.0,0.0,0.0,0.0,0.0,0.0,0.0,0.0,0.0,0.0,0.0,0.0,0.0,0.0,0.0,0.0,0.0,0.0,0.0,0.0,0.0,24.0,0.0,0.0,0.0,0.20284000000000002
2011-23,0.20284000000000002,0.0,0.0,0.0,42.0,0.0,0.0,0.0,0.0,0.0,0.0,0.0,0.0,100.0,0.0,0.0,0.0,0.0,0.0,0.0,0.0,0.0,0.0,0.0,0.0,0.0,0.0,0.0,0.0,0.0,0.0,0.0,0.0,0.0,0.0,0.0,0.0,0.0,0.0,0.0,0.0,0.0,0.0,0.0,0.0,68.0,0.0,0.0,0.0,0.326087
2011-24,0.326087,0.0,0.0,0.0,42.0,0.0,0.0,0.0,0.0,0.0,0.0,0.0,0.0,100.0,0.0,0.0,0.0,0.0,0.0,0.0,0.0,0.0,0.0,0.0,0.0,0.0,0.0,0.0,0.0,0.0,0.0,0.0,0.0,0.0,0.0,0.0,0.0,0.0,0.0,0.0,0.0,0.0,0.0,0.0,0.0,68.0,0.0,0.0,0.0,0.27979899999999996
2011-25,0.27979899999999996,0.0,0.0,0.0,42.0,0.0,0.0,0.0,0.0,0.0,0.0,0.0,0.0,100.0,0.0,0.0,0.0,0.0,0.0,0.0,0.0,0.0,0.0,0.0,0.0,0.0,0.0,0.0,0.0,0.0,0.0,0.0,0.0,0.0,0.0,0.0,0.0,0.0,0.0,0.0,0.0,0.0,0.0,0.0,0.0,68.0,0.0,0.0,0.0,0.102934
2011-26,0.102934,0.0,0.0,0.0,42.0,0.0,0.0,0.0,0.0,0.0,0.0,0.0,0.0,100.0,0.0,0.0,0.0,0.0,0.0,0.0,0.0,0.0,0.0,0.0,0.0,0.0,0.0,0.0,0.0,0.0,0.0,0.0,0.0,0.0,0.0,0.0,0.0,0.0,0.0,0.0,0.0,0.0,0.0,0.0,0.0,68.0,0.0,0.0,0.0,0.170455
2011-27,0.170455,0.0,0.0,0.0,19.0,0.0,0.0,0.0,14.0,0.0,0.0,0.0,0.0,0.0,0.0,0.0,0.0,0.0,0.0,0.0,0.0,0.0,64.0,0.0,0.0,0.0,0.0,0.0,0.0,0.0,0.0,0.0,0.0,0.0,31.0,0.0,0.0,0.0,0.0,0.0,0.0,0.0,0.0,0.0,0.0,20.0,0.0,0.0,0.0,0.251256
2011-28,0.251256,0.0,0.0,0.0,19.0,0.0,0.0,0.0,14.0,0.0,0.0,0.0,0.0,0.0,0.0,0.0,0.0,0.0,0.0,0.0,0.0,0.0,64.0,0.0,0.0,0.0,0.0,0.0,0.0,0.0,0.0,0.0,0.0,0.0,31.0,0.0,0.0,0.0,0.0,0.0,0.0,0.0,0.0,0.0,0.0,20.0,0.0,0.0,0.0,0.18867899999999999
2011-29,0.18867899999999999,0.0,0.0,0.0,19.0,0.0,0.0,0.0,14.0,0.0,0.0,0.0,0.0,0.0,0.0,0.0,0.0,0.0,0.0,0.0,0.0,0.0,64.0,0.0,0.0,0.0,0.0,0.0,0.0,0.0,0.0,0.0,0.0,0.0,31.0,0.0,0.0,0.0,0.0,0.0,0.0,0.0,0.0,0.0,0.0,20.0,0.0,0.0,0.0,0.12121199999999999
2011-30,0.12121199999999999,0.0,0.0,0.0,19.0,0.0,0.0,0.0,14.0,0.0,0.0,0.0,0.0,0.0,0.0,0.0,0.0,0.0,0.0,0.0,0.0,0.0,64.0,0.0,0.0,0.0,0.0,0.0,0.0,0.0,0.0,0.0,0.0,0.0,31.0,0.0,0.0,0.0,0.0,0.0,0.0,0.0,0.0,0.0,0.0,20.0,0.0,0.0,0.0,0.095057
2011-31,0.095057,0.0,0.0,0.0,19.0,0.0,0.0,0.0,14.0,0.0,0.0,0.0,0.0,0.0,0.0,0.0,0.0,0.0,0.0,0.0,0.0,0.0,64.0,0.0,0.0,0.0,0.0,0.0,0.0,0.0,0.0,0.0,0.0,0.0,31.0,0.0,0.0,0.0,0.0,0.0,0.0,0.0,0.0,0.0,0.0,20.0,0.0,0.0,0.0,0.121457
2011-32,0.121457,15.0,76.0,0.0,28.0,0.0,0.0,0.0,13.0,14.0,0.0,0.0,0.0,0.0,0.0,0.0,0.0,43.0,0.0,0.0,0.0,62.0,0.0,0.0,0.0,0.0,0.0,0.0,0.0,0.0,0.0,0.0,95.0,0.0,0.0,0.0,0.0,0.0,54.0,0.0,0.0,0.0,0.0,0.0,0.0,20.0,0.0,0.0,38.0,0.23020300000000002
2011-33,0.23020300000000002,15.0,76.0,0.0,28.0,0.0,0.0,0.0,13.0,14.0,0.0,0.0,0.0,0.0,0.0,0.0,0.0,43.0,0.0,0.0,0.0,62.0,0.0,0.0,0.0,0.0,0.0,0.0,0.0,0.0,0.0,0.0,95.0,0.0,0.0,0.0,0.0,0.0,54.0,0.0,0.0,0.0,0.0,0.0,0.0,20.0,0.0,0.0,38.0,0.154381
2011-34,0.154381,15.0,76.0,0.0,28.0,0.0,0.0,0.0,13.0,14.0,0.0,0.0,0.0,0.0,0.0,0.0,0.0,43.0,0.0,0.0,0.0,62.0,0.0,0.0,0.0,0.0,0.0,0.0,0.0,0.0,0.0,0.0,95.0,0.0,0.0,0.0,0.0,0.0,54.0,0.0,0.0,0.0,0.0,0.0,0.0,20.0,0.0,0.0,38.0,0.263736
2011-35,0.263736,15.0,76.0,0.0,28.0,0.0,0.0,0.0,13.0,14.0,0.0,0.0,0.0,0.0,0.0,0.0,0.0,43.0,0.0,0.0,0.0,62.0,0.0,0.0,0.0,0.0,0.0,0.0,0.0,0.0,0.0,0.0,95.0,0.0,0.0,0.0,0.0,0.0,54.0,0.0,0.0,0.0,0.0,0.0,0.0,20.0,0.0,0.0,38.0,0.42056099999999996
2011-36,0.42056099999999996,17.0,0.0,0.0,85.0,0.0,0.0,0.0,25.0,13.0,0.0,0.0,0.0,0.0,0.0,0.0,0.0,0.0,0.0,0.0,0.0,0.0,0.0,0.0,0.0,0.0,0.0,0.0,0.0,0.0,0.0,0.0,29.0,0.0,0.0,0.0,0.0,0.0,0.0,0.0,0.0,0.0,0.0,0.0,0.0,27.0,71.0,0.0,0.0,0.386399
2011-37,0.386399,17.0,0.0,0.0,85.0,0.0,0.0,0.0,25.0,13.0,0.0,0.0,0.0,0.0,0.0,0.0,0.0,0.0,0.0,0.0,0.0,0.0,0.0,0.0,0.0,0.0,0.0,0.0,0.0,0.0,0.0,0.0,29.0,0.0,0.0,0.0,0.0,0.0,0.0,0.0,0.0,0.0,0.0,0.0,0.0,27.0,71.0,0.0,0.0,0.713719
2011-38,0.713719,17.0,0.0,0.0,85.0,0.0,0.0,0.0,25.0,13.0,0.0,0.0,0.0,0.0,0.0,0.0,0.0,0.0,0.0,0.0,0.0,0.0,0.0,0.0,0.0,0.0,0.0,0.0,0.0,0.0,0.0,0.0,29.0,0.0,0.0,0.0,0.0,0.0,0.0,0.0,0.0,0.0,0.0,0.0,0.0,27.0,71.0,0.0,0.0,0.439722
2011-39,0.439722,17.0,0.0,0.0,85.0,0.0,0.0,0.0,25.0,13.0,0.0,0.0,0.0,0.0,0.0,0.0,0.0,0.0,0.0,0.0,0.0,0.0,0.0,0.0,0.0,0.0,0.0,0.0,0.0,0.0,0.0,0.0,29.0,0.0,0.0,0.0,0.0,0.0,0.0,0.0,0.0,0.0,0.0,0.0,0.0,27.0,71.0,0.0,0.0,0.44576499999999997
2011-40,0.44576499999999997,10.0,0.0,0.0,51.0,0.0,0.0,0.0,25.0,20.0,0.0,0.0,92.0,0.0,0.0,33.0,0.0,0.0,0.0,0.0,0.0,0.0,0.0,0.0,0.0,0.0,0.0,0.0,0.0,0.0,0.0,0.0,29.0,0.0,0.0,0.0,0.0,0.0,0.0,0.0,0.0,0.0,0.0,0.0,0.0,18.0,0.0,100.0,0.0,0.435066
2011-41,0.435066,10.0,0.0,0.0,51.0,0.0,0.0,0.0,25.0,20.0,0.0,0.0,92.0,0.0,0.0,33.0,0.0,0.0,0.0,0.0,0.0,0.0,0.0,0.0,0.0,0.0,0.0,0.0,0.0,0.0,0.0,0.0,29.0,0.0,0.0,0.0,0.0,0.0,0.0,0.0,0.0,0.0,0.0,0.0,0.0,18.0,0.0,100.0,0.0,0.774239
2011-42,0.774239,10.0,0.0,0.0,51.0,0.0,0.0,0.0,25.0,20.0,0.0,0.0,92.0,0.0,0.0,33.0,0.0,0.0,0.0,0.0,0.0,0.0,0.0,0.0,0.0,0.0,0.0,0.0,0.0,0.0,0.0,0.0,29.0,0.0,0.0,0.0,0.0,0.0,0.0,0.0,0.0,0.0,0.0,0.0,0.0,18.0,0.0,100.0,0.0,0.767583
2011-43,0.767583,10.0,0.0,0.0,51.0,0.0,0.0,0.0,25.0,20.0,0.0,0.0,92.0,0.0,0.0,33.0,0.0,0.0,0.0,0.0,0.0,0.0,0.0,0.0,0.0,0.0,0.0,0.0,0.0,0.0,0.0,0.0,29.0,0.0,0.0,0.0,0.0,0.0,0.0,0.0,0.0,0.0,0.0,0.0,0.0,18.0,0.0,100.0,0.0,0.799201
2011-44,0.799201,10.0,0.0,0.0,51.0,0.0,0.0,0.0,25.0,20.0,0.0,0.0,92.0,0.0,0.0,33.0,0.0,0.0,0.0,0.0,0.0,0.0,0.0,0.0,0.0,0.0,0.0,0.0,0.0,0.0,0.0,0.0,29.0,0.0,0.0,0.0,0.0,0.0,0.0,0.0,0.0,0.0,0.0,0.0,0.0,18.0,0.0,100.0,0.0,0.715052
2011-45,0.715052,9.0,0.0,0.0,42.0,46.0,0.0,0.0,12.0,0.0,46.0,100.0,0.0,0.0,0.0,32.0,0.0,0.0,0.0,0.0,0.0,0.0,0.0,0.0,0.0,0.0,0.0,0.0,45.0,0.0,0.0,42.0,58.0,0.0,0.0,63.0,0.0,0.0,0.0,0.0,0.0,42.0,57.0,0.0,0.0,0.0,0.0,98.0,70.0,0.6499060000000001
2011-46,0.6499060000000001,9.0,0.0,0.0,42.0,46.0,0.0,0.0,12.0,0.0,46.0,100.0,0.0,0.0,0.0,32.0,0.0,0.0,0.0,0.0,0.0,0.0,0.0,0.0,0.0,0.0,0.0,0.0,45.0,0.0,0.0,42.0,58.0,0.0,0.0,63.0,0.0,0.0,0.0,0.0,0.0,42.0,57.0,0.0,0.0,0.0,0.0,98.0,70.0,0.6056020000000001
2011-47,0.6056020000000001,9.0,0.0,0.0,42.0,46.0,0.0,0.0,12.0,0.0,46.0,100.0,0.0,0.0,0.0,32.0,0.0,0.0,0.0,0.0,0.0,0.0,0.0,0.0,0.0,0.0,0.0,0.0,45.0,0.0,0.0,42.0,58.0,0.0,0.0,63.0,0.0,0.0,0.0,0.0,0.0,42.0,57.0,0.0,0.0,0.0,0.0,98.0,70.0,0.6314270000000001
2011-48,0.6314270000000001,9.0,0.0,0.0,42.0,46.0,0.0,0.0,12.0,0.0,46.0,100.0,0.0,0.0,0.0,32.0,0.0,0.0,0.0,0.0,0.0,0.0,0.0,0.0,0.0,0.0,0.0,0.0,45.0,0.0,0.0,42.0,58.0,0.0,0.0,63.0,0.0,0.0,0.0,0.0,0.0,42.0,57.0,0.0,0.0,0.0,0.0,98.0,70.0,0.544806
2011-49,0.544806,15.0,0.0,0.0,72.0,0.0,0.0,0.0,13.0,14.0,0.0,0.0,49.0,0.0,0.0,0.0,0.0,0.0,0.0,0.0,0.0,60.0,61.0,0.0,0.0,33.0,0.0,0.0,0.0,0.0,0.0,0.0,0.0,0.0,0.0,0.0,0.0,0.0,54.0,0.0,0.0,0.0,61.0,0.0,0.0,0.0,0.0,0.0,0.0,0.415958
2011-50,0.415958,15.0,0.0,0.0,72.0,0.0,0.0,0.0,13.0,14.0,0.0,0.0,49.0,0.0,0.0,0.0,0.0,0.0,0.0,0.0,0.0,60.0,61.0,0.0,0.0,33.0,0.0,0.0,0.0,0.0,0.0,0.0,0.0,0.0,0.0,0.0,0.0,0.0,54.0,0.0,0.0,0.0,61.0,0.0,0.0,0.0,0.0,0.0,0.0,0.449006
2011-51,0.449006,15.0,0.0,0.0,72.0,0.0,0.0,0.0,13.0,14.0,0.0,0.0,49.0,0.0,0.0,0.0,0.0,0.0,0.0,0.0,0.0,60.0,61.0,0.0,0.0,33.0,0.0,0.0,0.0,0.0,0.0,0.0,0.0,0.0,0.0,0.0,0.0,0.0,54.0,0.0,0.0,0.0,61.0,0.0,0.0,0.0,0.0,0.0,0.0,0.558909
2011-52,0.558909,15.0,0.0,0.0,72.0,0.0,0.0,0.0,13.0,14.0,0.0,0.0,49.0,0.0,0.0,0.0,0.0,0.0,0.0,0.0,0.0,60.0,61.0,0.0,0.0,33.0,0.0,0.0,0.0,0.0,0.0,0.0,0.0,0.0,0.0,0.0,0.0,0.0,54.0,0.0,0.0,0.0,61.0,0.0,0.0,0.0,0.0,0.0,0.0,0.723787
2012-01,0.723787,8.0,66.0,0.0,48.0,0.0,0.0,0.0,35.0,0.0,0.0,0.0,0.0,0.0,0.0,0.0,0.0,37.0,0.0,0.0,0.0,0.0,54.0,0.0,0.0,29.0,62.0,0.0,43.0,0.0,0.0,0.0,0.0,0.0,26.0,0.0,0.0,0.0,47.0,0.0,0.0,0.0,0.0,0.0,0.0,51.0,0.0,0.0,100.0,0.5821689999999999
2012-02,0.5821689999999999,8.0,66.0,0.0,48.0,0.0,0.0,0.0,35.0,0.0,0.0,0.0,0.0,0.0,0.0,0.0,0.0,37.0,0.0,0.0,0.0,0.0,54.0,0.0,0.0,29.0,62.0,0.0,43.0,0.0,0.0,0.0,0.0,0.0,26.0,0.0,0.0,0.0,47.0,0.0,0.0,0.0,0.0,0.0,0.0,51.0,0.0,0.0,100.0,0.763775
2012-03,0.763775,8.0,66.0,0.0,48.0,0.0,0.0,0.0,35.0,0.0,0.0,0.0,0.0,0.0,0.0,0.0,0.0,37.0,0.0,0.0,0.0,0.0,54.0,0.0,0.0,29.0,62.0,0.0,43.0,0.0,0.0,0.0,0.0,0.0,26.0,0.0,0.0,0.0,47.0,0.0,0.0,0.0,0.0,0.0,0.0,51.0,0.0,0.0,100.0,0.814224
2012-04,0.814224,8.0,66.0,0.0,48.0,0.0,0.0,0.0,35.0,0.0,0.0,0.0,0.0,0.0,0.0,0.0,0.0,37.0,0.0,0.0,0.0,0.0,54.0,0.0,0.0,29.0,62.0,0.0,43.0,0.0,0.0,0.0,0.0,0.0,26.0,0.0,0.0,0.0,47.0,0.0,0.0,0.0,0.0,0.0,0.0,51.0,0.0,0.0,100.0,1.16279
2012-05,1.16279,8.0,66.0,0.0,48.0,0.0,0.0,0.0,35.0,0.0,0.0,0.0,0.0,0.0,0.0,0.0,0.0,37.0,0.0,0.0,0.0,0.0,54.0,0.0,0.0,29.0,62.0,0.0,43.0,0.0,0.0,0.0,0.0,0.0,26.0,0.0,0.0,0.0,47.0,0.0,0.0,0.0,0.0,0.0,0.0,51.0,0.0,0.0,100.0,0.8363430000000001
2012-06,0.8363430000000001,8.0,66.0,0.0,48.0,0.0,0.0,0.0,35.0,0.0,0.0,0.0,0.0,0.0,0.0,0.0,0.0,37.0,0.0,0.0,0.0,0.0,54.0,0.0,0.0,29.0,62.0,0.0,43.0,0.0,0.0,0.0,0.0,0.0,26.0,0.0,0.0,0.0,47.0,0.0,0.0,0.0,0.0,0.0,0.0,51.0,0.0,0.0,100.0,1.08675
2012-07,1.08675,8.0,66.0,0.0,48.0,0.0,0.0,0.0,35.0,0.0,0.0,0.0,0.0,0.0,0.0,0.0,0.0,37.0,0.0,0.0,0.0,0.0,54.0,0.0,0.0,29.0,62.0,0.0,43.0,0.0,0.0,0.0,0.0,0.0,26.0,0.0,0.0,0.0,47.0,0.0,0.0,0.0,0.0,0.0,0.0,51.0,0.0,0.0,100.0,1.44808
2012-08,1.44808,8.0,66.0,0.0,48.0,0.0,0.0,0.0,35.0,0.0,0.0,0.0,0.0,0.0,0.0,0.0,0.0,37.0,0.0,0.0,0.0,0.0,54.0,0.0,0.0,29.0,62.0,0.0,43.0,0.0,0.0,0.0,0.0,0.0,26.0,0.0,0.0,0.0,47.0,0.0,0.0,0.0,0.0,0.0,0.0,51.0,0.0,0.0,100.0,1.66914
2012-09,1.66914,8.0,66.0,0.0,48.0,0.0,0.0,0.0,35.0,0.0,0.0,0.0,0.0,0.0,0.0,0.0,0.0,37.0,0.0,0.0,0.0,0.0,54.0,0.0,0.0,29.0,62.0,0.0,43.0,0.0,0.0,0.0,0.0,0.0,26.0,0.0,0.0,0.0,47.0,0.0,0.0,0.0,0.0,0.0,0.0,51.0,0.0,0.0,100.0,1.57437
2012-10,1.57437,8.0,66.0,0.0,48.0,0.0,0.0,0.0,35.0,0.0,0.0,0.0,0.0,0.0,0.0,0.0,0.0,37.0,0.0,0.0,0.0,0.0,54.0,0.0,0.0,29.0,62.0,0.0,43.0,0.0,0.0,0.0,0.0,0.0,26.0,0.0,0.0,0.0,47.0,0.0,0.0,0.0,0.0,0.0,0.0,51.0,0.0,0.0,100.0,1.85497
2012-11,1.85497,8.0,66.0,0.0,48.0,0.0,0.0,0.0,35.0,0.0,0.0,0.0,0.0,0.0,0.0,0.0,0.0,37.0,0.0,0.0,0.0,0.0,54.0,0.0,0.0,29.0,62.0,0.0,43.0,0.0,0.0,0.0,0.0,0.0,26.0,0.0,0.0,0.0,47.0,0.0,0.0,0.0,0.0,0.0,0.0,51.0,0.0,0.0,100.0,1.02019
2012-12,1.02019,8.0,66.0,0.0,48.0,0.0,0.0,0.0,35.0,0.0,0.0,0.0,0.0,0.0,0.0,0.0,0.0,37.0,0.0,0.0,0.0,0.0,54.0,0.0,0.0,29.0,62.0,0.0,43.0,0.0,0.0,0.0,0.0,0.0,26.0,0.0,0.0,0.0,47.0,0.0,0.0,0.0,0.0,0.0,0.0,51.0,0.0,0.0,100.0,1.79785
2012-13,1.79785,8.0,66.0,0.0,48.0,0.0,0.0,0.0,35.0,0.0,0.0,0.0,0.0,0.0,0.0,0.0,0.0,37.0,0.0,0.0,0.0,0.0,54.0,0.0,0.0,29.0,62.0,0.0,43.0,0.0,0.0,0.0,0.0,0.0,26.0,0.0,0.0,0.0,47.0,0.0,0.0,0.0,0.0,0.0,0.0,51.0,0.0,0.0,100.0,1.5711899999999999
2012-14,1.5711899999999999,3.0,65.0,0.0,24.0,0.0,0.0,0.0,17.0,0.0,0.0,0.0,0.0,0.0,0.0,0.0,75.0,0.0,0.0,0.0,0.0,0.0,53.0,0.0,0.0,0.0,0.0,0.0,0.0,0.0,0.0,0.0,0.0,0.0,25.0,0.0,0.0,0.0,46.0,0.0,0.0,0.0,0.0,0.0,0.0,0.0,0.0,0.0,33.0,0.875532
2012-15,0.875532,3.0,65.0,0.0,24.0,0.0,0.0,0.0,17.0,0.0,0.0,0.0,0.0,0.0,0.0,0.0,75.0,0.0,0.0,0.0,0.0,0.0,53.0,0.0,0.0,0.0,0.0,0.0,0.0,0.0,0.0,0.0,0.0,0.0,25.0,0.0,0.0,0.0,46.0,0.0,0.0,0.0,0.0,0.0,0.0,0.0,0.0,0.0,33.0,0.723367
2012-16,0.723367,3.0,65.0,0.0,24.0,0.0,0.0,0.0,17.0,0.0,0.0,0.0,0.0,0.0,0.0,0.0,75.0,0.0,0.0,0.0,0.0,0.0,53.0,0.0,0.0,0.0,0.0,0.0,0.0,0.0,0.0,0.0,0.0,0.0,25.0,0.0,0.0,0.0,46.0,0.0,0.0,0.0,0.0,0.0,0.0,0.0,0.0,0.0,33.0,1.05873
2012-17,1.05873,3.0,65.0,0.0,24.0,0.0,0.0,0.0,17.0,0.0,0.0,0.0,0.0,0.0,0.0,0.0,75.0,0.0,0.0,0.0,0.0,0.0,53.0,0.0,0.0,0.0,0.0,0.0,0.0,0.0,0.0,0.0,0.0,0.0,25.0,0.0,0.0,0.0,46.0,0.0,0.0,0.0,0.0,0.0,0.0,0.0,0.0,0.0,33.0,0.532589
2012-18,0.532589,3.0,65.0,0.0,24.0,0.0,0.0,0.0,17.0,0.0,0.0,0.0,0.0,0.0,0.0,0.0,75.0,0.0,0.0,0.0,0.0,0.0,53.0,0.0,0.0,0.0,0.0,0.0,0.0,0.0,0.0,0.0,0.0,0.0,25.0,0.0,0.0,0.0,46.0,0.0,0.0,0.0,0.0,0.0,0.0,0.0,0.0,0.0,33.0,0.36544
2012-19,0.36544,5.0,0.0,0.0,42.0,0.0,0.0,0.0,25.0,13.0,0.0,0.0,46.0,0.0,0.0,0.0,0.0,0.0,0.0,0.0,0.0,0.0,0.0,0.0,0.0,0.0,0.0,90.0,0.0,0.0,0.0,0.0,0.0,0.0,0.0,64.0,0.0,0.0,50.0,0.0,100.0,0.0,0.0,0.0,0.0,36.0,0.0,0.0,0.0,0.27049
2012-20,0.27049,5.0,0.0,0.0,42.0,0.0,0.0,0.0,25.0,13.0,0.0,0.0,46.0,0.0,0.0,0.0,0.0,0.0,0.0,0.0,0.0,0.0,0.0,0.0,0.0,0.0,0.0,90.0,0.0,0.0,0.0,0.0,0.0,0.0,0.0,64.0,0.0,0.0,50.0,0.0,100.0,0.0,0.0,0.0,0.0,36.0,0.0,0.0,0.0,0.43128199999999994
2012-21,0.43128199999999994,5.0,0.0,0.0,42.0,0.0,0.0,0.0,25.0,13.0,0.0,0.0,46.0,0.0,0.0,0.0,0.0,0.0,0.0,0.0,0.0,0.0,0.0,0.0,0.0,0.0,0.0,90.0,0.0,0.0,0.0,0.0,0.0,0.0,0.0,64.0,0.0,0.0,50.0,0.0,100.0,0.0,0.0,0.0,0.0,36.0,0.0,0.0,0.0,0.37843000000000004
2012-22,0.37843000000000004,5.0,0.0,0.0,42.0,0.0,0.0,0.0,25.0,13.0,0.0,0.0,46.0,0.0,0.0,0.0,0.0,0.0,0.0,0.0,0.0,0.0,0.0,0.0,0.0,0.0,0.0,90.0,0.0,0.0,0.0,0.0,0.0,0.0,0.0,64.0,0.0,0.0,50.0,0.0,100.0,0.0,0.0,0.0,0.0,36.0,0.0,0.0,0.0,0.404531
2012-23,0.404531,7.0,0.0,0.0,0.0,0.0,0.0,0.0,0.0,12.0,0.0,0.0,43.0,0.0,0.0,0.0,0.0,0.0,0.0,0.0,0.0,0.0,0.0,0.0,0.0,0.0,0.0,0.0,43.0,0.0,0.0,0.0,28.0,0.0,0.0,0.0,0.0,0.0,48.0,0.0,0.0,0.0,0.0,0.0,0.0,17.0,0.0,0.0,34.0,0.11277100000000001
2012-24,0.11277100000000001,7.0,0.0,0.0,0.0,0.0,0.0,0.0,0.0,12.0,0.0,0.0,43.0,0.0,0.0,0.0,0.0,0.0,0.0,0.0,0.0,0.0,0.0,0.0,0.0,0.0,0.0,0.0,43.0,0.0,0.0,0.0,28.0,0.0,0.0,0.0,0.0,0.0,48.0,0.0,0.0,0.0,0.0,0.0,0.0,17.0,0.0,0.0,34.0,0.128733
2012-25,0.128733,7.0,0.0,0.0,0.0,0.0,0.0,0.0,0.0,12.0,0.0,0.0,43.0,0.0,0.0,0.0,0.0,0.0,0.0,0.0,0.0,0.0,0.0,0.0,0.0,0.0,0.0,0.0,43.0,0.0,0.0,0.0,28.0,0.0,0.0,0.0,0.0,0.0,48.0,0.0,0.0,0.0,0.0,0.0,0.0,17.0,0.0,0.0,34.0,0.0869313
2012-26,0.0869313,7.0,0.0,0.0,0.0,0.0,0.0,0.0,0.0,12.0,0.0,0.0,43.0,0.0,0.0,0.0,0.0,0.0,0.0,0.0,0.0,0.0,0.0,0.0,0.0,0.0,0.0,0.0,43.0,0.0,0.0,0.0,28.0,0.0,0.0,0.0,0.0,0.0,48.0,0.0,0.0,0.0,0.0,0.0,0.0,17.0,0.0,0.0,34.0,0.15872999999999998
2012-27,0.15872999999999998,10.0,0.0,0.0,31.0,0.0,0.0,0.0,11.0,12.0,0.0,0.0,42.0,0.0,0.0,0.0,0.0,0.0,0.0,0.0,0.0,0.0,52.0,0.0,0.0,0.0,0.0,0.0,42.0,0.0,0.0,0.0,0.0,0.0,25.0,0.0,0.0,71.0,46.0,0.0,0.0,0.0,0.0,0.0,0.0,50.0,0.0,0.0,0.0,0.0282087
2012-28,0.0282087,10.0,0.0,0.0,31.0,0.0,0.0,0.0,11.0,12.0,0.0,0.0,42.0,0.0,0.0,0.0,0.0,0.0,0.0,0.0,0.0,0.0,52.0,0.0,0.0,0.0,0.0,0.0,42.0,0.0,0.0,0.0,0.0,0.0,25.0,0.0,0.0,71.0,46.0,0.0,0.0,0.0,0.0,0.0,0.0,50.0,0.0,0.0,0.0,0.036563099999999994
2012-29,0.036563099999999994,10.0,0.0,0.0,31.0,0.0,0.0,0.0,11.0,12.0,0.0,0.0,42.0,0.0,0.0,0.0,0.0,0.0,0.0,0.0,0.0,0.0,52.0,0.0,0.0,0.0,0.0,0.0,42.0,0.0,0.0,0.0,0.0,0.0,25.0,0.0,0.0,71.0,46.0,0.0,0.0,0.0,0.0,0.0,0.0,50.0,0.0,0.0,0.0,0.0722022
2012-30,0.0722022,10.0,0.0,0.0,31.0,0.0,0.0,0.0,11.0,12.0,0.0,0.0,42.0,0.0,0.0,0.0,0.0,0.0,0.0,0.0,0.0,0.0,52.0,0.0,0.0,0.0,0.0,0.0,42.0,0.0,0.0,0.0,0.0,0.0,25.0,0.0,0.0,71.0,46.0,0.0,0.0,0.0,0.0,0.0,0.0,50.0,0.0,0.0,0.0,0.034002
2012-31,0.034002,10.0,0.0,0.0,31.0,0.0,0.0,0.0,11.0,12.0,0.0,0.0,42.0,0.0,0.0,0.0,0.0,0.0,0.0,0.0,0.0,0.0,52.0,0.0,0.0,0.0,0.0,0.0,42.0,0.0,0.0,0.0,0.0,0.0,25.0,0.0,0.0,71.0,46.0,0.0,0.0,0.0,0.0,0.0,0.0,50.0,0.0,0.0,0.0,0.16583699999999998
2012-32,0.16583699999999998,12.0,0.0,0.0,30.0,41.0,0.0,0.0,11.0,12.0,41.0,0.0,40.0,0.0,0.0,0.0,0.0,0.0,0.0,0.0,0.0,0.0,50.0,0.0,0.0,0.0,59.0,0.0,40.0,0.0,0.0,0.0,26.0,0.0,49.0,0.0,0.0,0.0,0.0,100.0,0.0,0.0,0.0,0.0,0.0,16.0,0.0,0.0,0.0,0.0962464
2012-33,0.0962464,12.0,0.0,0.0,30.0,41.0,0.0,0.0,11.0,12.0,41.0,0.0,40.0,0.0,0.0,0.0,0.0,0.0,0.0,0.0,0.0,0.0,50.0,0.0,0.0,0.0,59.0,0.0,40.0,0.0,0.0,0.0,26.0,0.0,49.0,0.0,0.0,0.0,0.0,100.0,0.0,0.0,0.0,0.0,0.0,16.0,0.0,0.0,0.0,0.0648298
2012-34,0.0648298,12.0,0.0,0.0,30.0,41.0,0.0,0.0,11.0,12.0,41.0,0.0,40.0,0.0,0.0,0.0,0.0,0.0,0.0,0.0,0.0,0.0,50.0,0.0,0.0,0.0,59.0,0.0,40.0,0.0,0.0,0.0,26.0,0.0,49.0,0.0,0.0,0.0,0.0,100.0,0.0,0.0,0.0,0.0,0.0,16.0,0.0,0.0,0.0,0.131363
2012-35,0.131363,12.0,0.0,0.0,30.0,41.0,0.0,0.0,11.0,12.0,41.0,0.0,40.0,0.0,0.0,0.0,0.0,0.0,0.0,0.0,0.0,0.0,50.0,0.0,0.0,0.0,59.0,0.0,40.0,0.0,0.0,0.0,26.0,0.0,49.0,0.0,0.0,0.0,0.0,100.0,0.0,0.0,0.0,0.0,0.0,16.0,0.0,0.0,0.0,0.346021
2012-36,0.346021,16.0,0.0,0.0,13.0,0.0,0.0,0.0,10.0,0.0,0.0,0.0,0.0,0.0,32.0,0.0,0.0,0.0,0.0,0.0,0.0,0.0,45.0,0.0,0.0,0.0,0.0,70.0,0.0,0.0,0.0,34.0,0.0,0.0,22.0,0.0,0.0,0.0,40.0,0.0,0.0,34.0,0.0,0.0,0.0,22.0,0.0,0.0,28.0,0.20847800000000002
2012-37,0.20847800000000002,16.0,0.0,0.0,13.0,0.0,0.0,0.0,10.0,0.0,0.0,0.0,0.0,0.0,32.0,0.0,0.0,0.0,0.0,0.0,0.0,0.0,45.0,0.0,0.0,0.0,0.0,70.0,0.0,0.0,0.0,34.0,0.0,0.0,22.0,0.0,0.0,0.0,40.0,0.0,0.0,34.0,0.0,0.0,0.0,22.0,0.0,0.0,28.0,0.206469
2012-38,0.206469,16.0,0.0,0.0,13.0,0.0,0.0,0.0,10.0,0.0,0.0,0.0,0.0,0.0,32.0,0.0,0.0,0.0,0.0,0.0,0.0,0.0,45.0,0.0,0.0,0.0,0.0,70.0,0.0,0.0,0.0,34.0,0.0,0.0,22.0,0.0,0.0,0.0,40.0,0.0,0.0,34.0,0.0,0.0,0.0,22.0,0.0,0.0,28.0,0.328827
2012-39,0.328827,16.0,0.0,0.0,13.0,0.0,0.0,0.0,10.0,0.0,0.0,0.0,0.0,0.0,32.0,0.0,0.0,0.0,0.0,0.0,0.0,0.0,45.0,0.0,0.0,0.0,0.0,70.0,0.0,0.0,0.0,34.0,0.0,0.0,22.0,0.0,0.0,0.0,40.0,0.0,0.0,34.0,0.0,0.0,0.0,22.0,0.0,0.0,28.0,0.5619149999999999
2012-40,0.5619149999999999,16.0,0.0,0.0,13.0,0.0,0.0,0.0,10.0,0.0,0.0,0.0,0.0,0.0,32.0,0.0,0.0,0.0,0.0,0.0,0.0,0.0,45.0,0.0,0.0,0.0,0.0,70.0,0.0,0.0,0.0,34.0,0.0,0.0,22.0,0.0,0.0,0.0,40.0,0.0,0.0,34.0,0.0,0.0,0.0,22.0,0.0,0.0,28.0,0.800493
2012-41,0.800493,21.0,57.0,0.0,34.0,0.0,0.0,33.0,10.0,32.0,0.0,0.0,74.0,0.0,33.0,0.0,0.0,32.0,0.0,0.0,0.0,0.0,0.0,0.0,0.0,0.0,0.0,0.0,37.0,0.0,0.0,0.0,24.0,0.0,0.0,0.0,0.0,0.0,40.0,0.0,0.0,0.0,0.0,0.0,0.0,0.0,0.0,0.0,57.0,0.701344
2012-42,0.701344,21.0,57.0,0.0,34.0,0.0,0.0,33.0,10.0,32.0,0.0,0.0,74.0,0.0,33.0,0.0,0.0,32.0,0.0,0.0,0.0,0.0,0.0,0.0,0.0,0.0,0.0,0.0,37.0,0.0,0.0,0.0,24.0,0.0,0.0,0.0,0.0,0.0,40.0,0.0,0.0,0.0,0.0,0.0,0.0,0.0,0.0,0.0,57.0,0.691338
2012-43,0.691338,21.0,57.0,0.0,34.0,0.0,0.0,33.0,10.0,32.0,0.0,0.0,74.0,0.0,33.0,0.0,0.0,32.0,0.0,0.0,0.0,0.0,0.0,0.0,0.0,0.0,0.0,0.0,37.0,0.0,0.0,0.0,24.0,0.0,0.0,0.0,0.0,0.0,40.0,0.0,0.0,0.0,0.0,0.0,0.0,0.0,0.0,0.0,57.0,0.771417
2012-44,0.771417,21.0,57.0,0.0,34.0,0.0,0.0,33.0,10.0,32.0,0.0,0.0,74.0,0.0,33.0,0.0,0.0,32.0,0.0,0.0,0.0,0.0,0.0,0.0,0.0,0.0,0.0,0.0,37.0,0.0,0.0,0.0,24.0,0.0,0.0,0.0,0.0,0.0,40.0,0.0,0.0,0.0,0.0,0.0,0.0,0.0,0.0,0.0,57.0,0.623747
2012-45,0.623747,43.0,0.0,0.0,54.0,0.0,0.0,0.0,10.0,47.0,0.0,0.0,0.0,0.0,32.0,77.0,0.0,0.0,0.0,0.0,0.0,0.0,0.0,0.0,0.0,49.0,0.0,0.0,0.0,92.0,0.0,0.0,94.0,81.0,0.0,0.0,66.0,0.0,0.0,0.0,0.0,0.0,46.0,0.0,66.0,51.0,0.0,0.0,0.0,0.40974799999999995
2012-46,0.40974799999999995,43.0,0.0,0.0,54.0,0.0,0.0,0.0,10.0,47.0,0.0,0.0,0.0,0.0,32.0,77.0,0.0,0.0,0.0,0.0,0.0,0.0,0.0,0.0,0.0,49.0,0.0,0.0,0.0,92.0,0.0,0.0,94.0,81.0,0.0,0.0,66.0,0.0,0.0,0.0,0.0,0.0,46.0,0.0,66.0,51.0,0.0,0.0,0.0,0.8956149999999999
2012-47,0.8956149999999999,43.0,0.0,0.0,54.0,0.0,0.0,0.0,10.0,47.0,0.0,0.0,0.0,0.0,32.0,77.0,0.0,0.0,0.0,0.0,0.0,0.0,0.0,0.0,0.0,49.0,0.0,0.0,0.0,92.0,0.0,0.0,94.0,81.0,0.0,0.0,66.0,0.0,0.0,0.0,0.0,0.0,46.0,0.0,66.0,51.0,0.0,0.0,0.0,1.37893
2012-48,1.37893,43.0,0.0,0.0,54.0,0.0,0.0,0.0,10.0,47.0,0.0,0.0,0.0,0.0,32.0,77.0,0.0,0.0,0.0,0.0,0.0,0.0,0.0,0.0,0.0,49.0,0.0,0.0,0.0,92.0,0.0,0.0,94.0,81.0,0.0,0.0,66.0,0.0,0.0,0.0,0.0,0.0,46.0,0.0,66.0,51.0,0.0,0.0,0.0,2.7290799999999997
2012-49,2.7290799999999997,9.0,0.0,0.0,52.0,40.0,0.0,0.0,16.0,0.0,40.0,87.0,0.0,0.0,0.0,0.0,0.0,35.0,0.0,0.0,0.0,50.0,50.0,0.0,0.0,0.0,58.0,0.0,0.0,100.0,80.0,0.0,0.0,88.0,0.0,0.0,0.0,0.0,0.0,99.0,0.0,0.0,0.0,0.0,0.0,16.0,0.0,87.0,0.0,2.98924
2012-50,2.98924,9.0,0.0,0.0,52.0,40.0,0.0,0.0,16.0,0.0,40.0,87.0,0.0,0.0,0.0,0.0,0.0,35.0,0.0,0.0,0.0,50.0,50.0,0.0,0.0,0.0,58.0,0.0,0.0,100.0,80.0,0.0,0.0,88.0,0.0,0.0,0.0,0.0,0.0,99.0,0.0,0.0,0.0,0.0,0.0,16.0,0.0,87.0,0.0,6.54849
2012-51,6.54849,9.0,0.0,0.0,52.0,40.0,0.0,0.0,16.0,0.0,40.0,87.0,0.0,0.0,0.0,0.0,0.0,35.0,0.0,0.0,0.0,50.0,50.0,0.0,0.0,0.0,58.0,0.0,0.0,100.0,80.0,0.0,0.0,88.0,0.0,0.0,0.0,0.0,0.0,99.0,0.0,0.0,0.0,0.0,0.0,16.0,0.0,87.0,0.0,7.1600699999999975
2012-52,7.1600699999999975,9.0,0.0,0.0,52.0,40.0,0.0,0.0,16.0,0.0,40.0,87.0,0.0,0.0,0.0,0.0,0.0,35.0,0.0,0.0,0.0,50.0,50.0,0.0,0.0,0.0,58.0,0.0,0.0,100.0,80.0,0.0,0.0,88.0,0.0,0.0,0.0,0.0,0.0,99.0,0.0,0.0,0.0,0.0,0.0,16.0,0.0,87.0,0.0,4.55894
2013-01,4.55894,12.0,100.0,0.0,60.0,0.0,39.0,0.0,18.0,9.0,0.0,0.0,32.0,0.0,29.0,0.0,0.0,28.0,0.0,0.0,0.0,0.0,40.0,0.0,0.0,0.0,0.0,0.0,32.0,0.0,0.0,30.0,0.0,0.0,0.0,0.0,0.0,0.0,35.0,0.0,0.0,30.0,0.0,0.0,0.0,19.0,0.0,0.0,0.0,7.20103
2013-02,7.20103,12.0,100.0,0.0,60.0,0.0,39.0,0.0,18.0,9.0,0.0,0.0,32.0,0.0,29.0,0.0,0.0,28.0,0.0,0.0,0.0,0.0,40.0,0.0,0.0,0.0,0.0,0.0,32.0,0.0,0.0,30.0,0.0,0.0,0.0,0.0,0.0,0.0,35.0,0.0,0.0,30.0,0.0,0.0,0.0,19.0,0.0,0.0,0.0,4.97664
2013-03,4.97664,12.0,100.0,0.0,60.0,0.0,39.0,0.0,18.0,9.0,0.0,0.0,32.0,0.0,29.0,0.0,0.0,28.0,0.0,0.0,0.0,0.0,40.0,0.0,0.0,0.0,0.0,0.0,32.0,0.0,0.0,30.0,0.0,0.0,0.0,0.0,0.0,0.0,35.0,0.0,0.0,30.0,0.0,0.0,0.0,19.0,0.0,0.0,0.0,5.56492
2013-04,5.56492,12.0,100.0,0.0,60.0,0.0,39.0,0.0,18.0,9.0,0.0,0.0,32.0,0.0,29.0,0.0,0.0,28.0,0.0,0.0,0.0,0.0,40.0,0.0,0.0,0.0,0.0,0.0,32.0,0.0,0.0,30.0,0.0,0.0,0.0,0.0,0.0,0.0,35.0,0.0,0.0,30.0,0.0,0.0,0.0,19.0,0.0,0.0,0.0,3.85627
2013-05,3.85627,12.0,100.0,0.0,60.0,0.0,39.0,0.0,18.0,9.0,0.0,0.0,32.0,0.0,29.0,0.0,0.0,28.0,0.0,0.0,0.0,0.0,40.0,0.0,0.0,0.0,0.0,0.0,32.0,0.0,0.0,30.0,0.0,0.0,0.0,0.0,0.0,0.0,35.0,0.0,0.0,30.0,0.0,0.0,0.0,19.0,0.0,0.0,0.0,2.94999
2013-06,2.94999,12.0,100.0,0.0,60.0,0.0,39.0,0.0,18.0,9.0,0.0,0.0,32.0,0.0,29.0,0.0,0.0,28.0,0.0,0.0,0.0,0.0,40.0,0.0,0.0,0.0,0.0,0.0,32.0,0.0,0.0,30.0,0.0,0.0,0.0,0.0,0.0,0.0,35.0,0.0,0.0,30.0,0.0,0.0,0.0,19.0,0.0,0.0,0.0,2.87059
2013-07,2.87059,12.0,100.0,0.0,60.0,0.0,39.0,0.0,18.0,9.0,0.0,0.0,32.0,0.0,29.0,0.0,0.0,28.0,0.0,0.0,0.0,0.0,40.0,0.0,0.0,0.0,0.0,0.0,32.0,0.0,0.0,30.0,0.0,0.0,0.0,0.0,0.0,0.0,35.0,0.0,0.0,30.0,0.0,0.0,0.0,19.0,0.0,0.0,0.0,2.2997
2013-08,2.2997,12.0,100.0,0.0,60.0,0.0,39.0,0.0,18.0,9.0,0.0,0.0,32.0,0.0,29.0,0.0,0.0,28.0,0.0,0.0,0.0,0.0,40.0,0.0,0.0,0.0,0.0,0.0,32.0,0.0,0.0,30.0,0.0,0.0,0.0,0.0,0.0,0.0,35.0,0.0,0.0,30.0,0.0,0.0,0.0,19.0,0.0,0.0,0.0,1.37017
2013-09,1.37017,12.0,100.0,0.0,60.0,0.0,39.0,0.0,18.0,9.0,0.0,0.0,32.0,0.0,29.0,0.0,0.0,28.0,0.0,0.0,0.0,0.0,40.0,0.0,0.0,0.0,0.0,0.0,32.0,0.0,0.0,30.0,0.0,0.0,0.0,0.0,0.0,0.0,35.0,0.0,0.0,30.0,0.0,0.0,0.0,19.0,0.0,0.0,0.0,0.9728979999999999
2013-10,0.9728979999999999,12.0,100.0,0.0,60.0,0.0,39.0,0.0,18.0,9.0,0.0,0.0,32.0,0.0,29.0,0.0,0.0,28.0,0.0,0.0,0.0,0.0,40.0,0.0,0.0,0.0,0.0,0.0,32.0,0.0,0.0,30.0,0.0,0.0,0.0,0.0,0.0,0.0,35.0,0.0,0.0,30.0,0.0,0.0,0.0,19.0,0.0,0.0,0.0,0.677887
2013-11,0.677887,12.0,100.0,0.0,60.0,0.0,39.0,0.0,18.0,9.0,0.0,0.0,32.0,0.0,29.0,0.0,0.0,28.0,0.0,0.0,0.0,0.0,40.0,0.0,0.0,0.0,0.0,0.0,32.0,0.0,0.0,30.0,0.0,0.0,0.0,0.0,0.0,0.0,35.0,0.0,0.0,30.0,0.0,0.0,0.0,19.0,0.0,0.0,0.0,0.719068
2013-12,0.719068,12.0,100.0,0.0,60.0,0.0,39.0,0.0,18.0,9.0,0.0,0.0,32.0,0.0,29.0,0.0,0.0,28.0,0.0,0.0,0.0,0.0,40.0,0.0,0.0,0.0,0.0,0.0,32.0,0.0,0.0,30.0,0.0,0.0,0.0,0.0,0.0,0.0,35.0,0.0,0.0,30.0,0.0,0.0,0.0,19.0,0.0,0.0,0.0,0.4446640000000001
2013-13,0.4446640000000001,12.0,100.0,0.0,60.0,0.0,39.0,0.0,18.0,9.0,0.0,0.0,32.0,0.0,29.0,0.0,0.0,28.0,0.0,0.0,0.0,0.0,40.0,0.0,0.0,0.0,0.0,0.0,32.0,0.0,0.0,30.0,0.0,0.0,0.0,0.0,0.0,0.0,35.0,0.0,0.0,30.0,0.0,0.0,0.0,19.0,0.0,0.0,0.0,0.467654
2013-14,0.467654,12.0,100.0,0.0,60.0,0.0,39.0,0.0,18.0,9.0,0.0,0.0,32.0,0.0,29.0,0.0,0.0,28.0,0.0,0.0,0.0,0.0,40.0,0.0,0.0,0.0,0.0,0.0,32.0,0.0,0.0,30.0,0.0,0.0,0.0,0.0,0.0,0.0,35.0,0.0,0.0,30.0,0.0,0.0,0.0,19.0,0.0,0.0,0.0,0.430571
2013-15,0.430571,8.0,0.0,0.0,19.0,0.0,0.0,0.0,9.0,0.0,0.0,0.0,0.0,0.0,0.0,0.0,0.0,0.0,0.0,0.0,0.0,0.0,43.0,0.0,0.0,0.0,0.0,0.0,34.0,0.0,0.0,0.0,0.0,0.0,0.0,0.0,0.0,57.0,0.0,0.0,0.0,0.0,0.0,0.0,0.0,27.0,0.0,0.0,26.0,0.27073600000000003
2013-16,0.27073600000000003,8.0,0.0,0.0,19.0,0.0,0.0,0.0,9.0,0.0,0.0,0.0,0.0,0.0,0.0,0.0,0.0,0.0,0.0,0.0,0.0,0.0,43.0,0.0,0.0,0.0,0.0,0.0,34.0,0.0,0.0,0.0,0.0,0.0,0.0,0.0,0.0,57.0,0.0,0.0,0.0,0.0,0.0,0.0,0.0,27.0,0.0,0.0,26.0,0.0568182
2013-17,0.0568182,8.0,0.0,0.0,19.0,0.0,0.0,0.0,9.0,0.0,0.0,0.0,0.0,0.0,0.0,0.0,0.0,0.0,0.0,0.0,0.0,0.0,43.0,0.0,0.0,0.0,0.0,0.0,34.0,0.0,0.0,0.0,0.0,0.0,0.0,0.0,0.0,57.0,0.0,0.0,0.0,0.0,0.0,0.0,0.0,27.0,0.0,0.0,26.0,0.156904
2013-18,0.156904,8.0,0.0,0.0,19.0,0.0,0.0,0.0,9.0,0.0,0.0,0.0,0.0,0.0,0.0,0.0,0.0,0.0,0.0,0.0,0.0,0.0,43.0,0.0,0.0,0.0,0.0,0.0,34.0,0.0,0.0,0.0,0.0,0.0,0.0,0.0,0.0,57.0,0.0,0.0,0.0,0.0,0.0,0.0,0.0,27.0,0.0,0.0,26.0,0.21703699999999998
2013-19,0.21703699999999998,9.0,0.0,0.0,22.0,0.0,0.0,0.0,0.0,11.0,0.0,0.0,0.0,0.0,0.0,0.0,0.0,100.0,0.0,0.0,0.0,0.0,48.0,0.0,0.0,0.0,0.0,0.0,0.0,0.0,0.0,0.0,25.0,0.0,0.0,0.0,0.0,0.0,0.0,0.0,0.0,0.0,0.0,0.0,0.0,23.0,0.0,0.0,0.0,0.028918400000000007
2013-20,0.028918400000000007,9.0,0.0,0.0,22.0,0.0,0.0,0.0,0.0,11.0,0.0,0.0,0.0,0.0,0.0,0.0,0.0,100.0,0.0,0.0,0.0,0.0,48.0,0.0,0.0,0.0,0.0,0.0,0.0,0.0,0.0,0.0,25.0,0.0,0.0,0.0,0.0,0.0,0.0,0.0,0.0,0.0,0.0,0.0,0.0,23.0,0.0,0.0,0.0,0.06596310000000001
2013-21,0.06596310000000001,9.0,0.0,0.0,22.0,0.0,0.0,0.0,0.0,11.0,0.0,0.0,0.0,0.0,0.0,0.0,0.0,100.0,0.0,0.0,0.0,0.0,48.0,0.0,0.0,0.0,0.0,0.0,0.0,0.0,0.0,0.0,25.0,0.0,0.0,0.0,0.0,0.0,0.0,0.0,0.0,0.0,0.0,0.0,0.0,23.0,0.0,0.0,0.0,0.281492
2013-22,0.281492,9.0,0.0,0.0,22.0,0.0,0.0,0.0,0.0,11.0,0.0,0.0,0.0,0.0,0.0,0.0,0.0,100.0,0.0,0.0,0.0,0.0,48.0,0.0,0.0,0.0,0.0,0.0,0.0,0.0,0.0,0.0,25.0,0.0,0.0,0.0,0.0,0.0,0.0,0.0,0.0,0.0,0.0,0.0,0.0,23.0,0.0,0.0,0.0,0.0001
2013-23,0.0001,7.0,0.0,0.0,51.0,0.0,0.0,0.0,0.0,10.0,0.0,0.0,0.0,0.0,0.0,0.0,0.0,0.0,0.0,0.0,0.0,0.0,43.0,0.0,0.0,0.0,0.0,0.0,0.0,0.0,0.0,0.0,0.0,0.0,0.0,0.0,0.0,0.0,0.0,0.0,0.0,0.0,0.0,0.0,0.0,14.0,0.0,0.0,27.0,0.08896799999999999
2013-24,0.08896799999999999,7.0,0.0,0.0,51.0,0.0,0.0,0.0,0.0,10.0,0.0,0.0,0.0,0.0,0.0,0.0,0.0,0.0,0.0,0.0,0.0,0.0,43.0,0.0,0.0,0.0,0.0,0.0,0.0,0.0,0.0,0.0,0.0,0.0,0.0,0.0,0.0,0.0,0.0,0.0,0.0,0.0,0.0,0.0,0.0,14.0,0.0,0.0,27.0,0.0319183
2013-25,0.0319183,7.0,0.0,0.0,51.0,0.0,0.0,0.0,0.0,10.0,0.0,0.0,0.0,0.0,0.0,0.0,0.0,0.0,0.0,0.0,0.0,0.0,43.0,0.0,0.0,0.0,0.0,0.0,0.0,0.0,0.0,0.0,0.0,0.0,0.0,0.0,0.0,0.0,0.0,0.0,0.0,0.0,0.0,0.0,0.0,14.0,0.0,0.0,27.0,0.0317965
2013-26,0.0317965,7.0,0.0,0.0,51.0,0.0,0.0,0.0,0.0,10.0,0.0,0.0,0.0,0.0,0.0,0.0,0.0,0.0,0.0,0.0,0.0,0.0,43.0,0.0,0.0,0.0,0.0,0.0,0.0,0.0,0.0,0.0,0.0,0.0,0.0,0.0,0.0,0.0,0.0,0.0,0.0,0.0,0.0,0.0,0.0,14.0,0.0,0.0,27.0,0.0381825
2013-27,0.0381825,7.0,0.0,0.0,51.0,0.0,0.0,0.0,0.0,10.0,0.0,0.0,0.0,0.0,0.0,0.0,0.0,0.0,0.0,0.0,0.0,0.0,43.0,0.0,0.0,0.0,0.0,0.0,0.0,0.0,0.0,0.0,0.0,0.0,0.0,0.0,0.0,0.0,0.0,0.0,0.0,0.0,0.0,0.0,0.0,14.0,0.0,0.0,27.0,0.0001
2013-28,0.0001,8.0,51.0,0.0,37.0,0.0,40.0,0.0,9.0,19.0,0.0,0.0,0.0,0.0,0.0,24.0,59.0,0.0,0.0,0.0,0.0,0.0,41.0,67.0,0.0,0.0,0.0,0.0,0.0,0.0,0.0,31.0,21.0,0.0,0.0,0.0,0.0,0.0,36.0,0.0,0.0,31.0,0.0,0.0,0.0,0.0,0.0,0.0,0.0,0.08396310000000001
2013-29,0.08396310000000001,8.0,51.0,0.0,37.0,0.0,40.0,0.0,9.0,19.0,0.0,0.0,0.0,0.0,0.0,24.0,59.0,0.0,0.0,0.0,0.0,0.0,41.0,67.0,0.0,0.0,0.0,0.0,0.0,0.0,0.0,31.0,21.0,0.0,0.0,0.0,0.0,0.0,36.0,0.0,0.0,31.0,0.0,0.0,0.0,0.0,0.0,0.0,0.0,0.0001
2013-30,0.0001,8.0,51.0,0.0,37.0,0.0,40.0,0.0,9.0,19.0,0.0,0.0,0.0,0.0,0.0,24.0,59.0,0.0,0.0,0.0,0.0,0.0,41.0,67.0,0.0,0.0,0.0,0.0,0.0,0.0,0.0,31.0,21.0,0.0,0.0,0.0,0.0,0.0,36.0,0.0,0.0,31.0,0.0,0.0,0.0,0.0,0.0,0.0,0.0,0.0819001
2013-31,0.0819001,8.0,51.0,0.0,37.0,0.0,40.0,0.0,9.0,19.0,0.0,0.0,0.0,0.0,0.0,24.0,59.0,0.0,0.0,0.0,0.0,0.0,41.0,67.0,0.0,0.0,0.0,0.0,0.0,0.0,0.0,31.0,21.0,0.0,0.0,0.0,0.0,0.0,36.0,0.0,0.0,31.0,0.0,0.0,0.0,0.0,0.0,0.0,0.0,0.299658
2013-32,0.299658,7.0,0.0,0.0,12.0,32.0,0.0,0.0,9.0,18.0,32.0,0.0,32.0,0.0,28.0,0.0,55.0,27.0,0.0,0.0,0.0,0.0,0.0,0.0,0.0,0.0,0.0,0.0,0.0,0.0,0.0,0.0,20.0,0.0,0.0,0.0,0.0,53.0,0.0,0.0,0.0,0.0,0.0,0.0,0.0,13.0,0.0,0.0,24.0,0.23121399999999998
2013-33,0.23121399999999998,7.0,0.0,0.0,12.0,32.0,0.0,0.0,9.0,18.0,32.0,0.0,32.0,0.0,28.0,0.0,55.0,27.0,0.0,0.0,0.0,0.0,0.0,0.0,0.0,0.0,0.0,0.0,0.0,0.0,0.0,0.0,20.0,0.0,0.0,0.0,0.0,53.0,0.0,0.0,0.0,0.0,0.0,0.0,0.0,13.0,0.0,0.0,24.0,0.0001
2013-34,0.0001,7.0,0.0,0.0,12.0,32.0,0.0,0.0,9.0,18.0,32.0,0.0,32.0,0.0,28.0,0.0,55.0,27.0,0.0,0.0,0.0,0.0,0.0,0.0,0.0,0.0,0.0,0.0,0.0,0.0,0.0,0.0,20.0,0.0,0.0,0.0,0.0,53.0,0.0,0.0,0.0,0.0,0.0,0.0,0.0,13.0,0.0,0.0,24.0,0.07326010000000001
2013-35,0.07326010000000001,7.0,0.0,0.0,12.0,32.0,0.0,0.0,9.0,18.0,32.0,0.0,32.0,0.0,28.0,0.0,55.0,27.0,0.0,0.0,0.0,0.0,0.0,0.0,0.0,0.0,0.0,0.0,0.0,0.0,0.0,0.0,20.0,0.0,0.0,0.0,0.0,53.0,0.0,0.0,0.0,0.0,0.0,0.0,0.0,13.0,0.0,0.0,24.0,0.129814
2013-36,0.129814,35.0,0.0,0.0,28.0,31.0,73.0,54.0,24.0,13.0,31.0,0.0,30.0,0.0,54.0,21.0,0.0,26.0,84.0,0.0,0.0,37.0,38.0,0.0,0.0,20.0,0.0,0.0,0.0,0.0,0.0,28.0,39.0,0.0,0.0,0.0,0.0,0.0,33.0,0.0,0.0,28.0,38.0,0.0,0.0,30.0,0.0,0.0,23.0,0.195771
2013-37,0.195771,35.0,0.0,0.0,28.0,31.0,73.0,54.0,24.0,13.0,31.0,0.0,30.0,0.0,54.0,21.0,0.0,26.0,84.0,0.0,0.0,37.0,38.0,0.0,0.0,20.0,0.0,0.0,0.0,0.0,0.0,28.0,39.0,0.0,0.0,0.0,0.0,0.0,33.0,0.0,0.0,28.0,38.0,0.0,0.0,30.0,0.0,0.0,23.0,0.11206600000000001
2013-38,0.11206600000000001,35.0,0.0,0.0,28.0,31.0,73.0,54.0,24.0,13.0,31.0,0.0,30.0,0.0,54.0,21.0,0.0,26.0,84.0,0.0,0.0,37.0,38.0,0.0,0.0,20.0,0.0,0.0,0.0,0.0,0.0,28.0,39.0,0.0,0.0,0.0,0.0,0.0,33.0,0.0,0.0,28.0,38.0,0.0,0.0,30.0,0.0,0.0,23.0,0.20508600000000002
2013-39,0.20508600000000002,35.0,0.0,0.0,28.0,31.0,73.0,54.0,24.0,13.0,31.0,0.0,30.0,0.0,54.0,21.0,0.0,26.0,84.0,0.0,0.0,37.0,38.0,0.0,0.0,20.0,0.0,0.0,0.0,0.0,0.0,28.0,39.0,0.0,0.0,0.0,0.0,0.0,33.0,0.0,0.0,28.0,38.0,0.0,0.0,30.0,0.0,0.0,23.0,0.45177799999999996
2013-40,0.45177799999999996,35.0,0.0,0.0,28.0,31.0,73.0,54.0,24.0,13.0,31.0,0.0,30.0,0.0,54.0,21.0,0.0,26.0,84.0,0.0,0.0,37.0,38.0,0.0,0.0,20.0,0.0,0.0,0.0,0.0,0.0,28.0,39.0,0.0,0.0,0.0,0.0,0.0,33.0,0.0,0.0,28.0,38.0,0.0,0.0,30.0,0.0,0.0,23.0,0.6459189999999999
2013-41,0.6459189999999999,20.0,0.0,0.0,58.0,32.0,0.0,0.0,21.0,9.0,32.0,0.0,0.0,0.0,0.0,0.0,0.0,0.0,0.0,0.0,0.0,0.0,39.0,0.0,0.0,21.0,0.0,0.0,0.0,0.0,0.0,0.0,20.0,0.0,38.0,0.0,0.0,0.0,0.0,0.0,0.0,0.0,0.0,0.0,0.0,12.0,0.0,68.0,24.0,0.305052
2013-42,0.305052,20.0,0.0,0.0,58.0,32.0,0.0,0.0,21.0,9.0,32.0,0.0,0.0,0.0,0.0,0.0,0.0,0.0,0.0,0.0,0.0,0.0,39.0,0.0,0.0,21.0,0.0,0.0,0.0,0.0,0.0,0.0,20.0,0.0,38.0,0.0,0.0,0.0,0.0,0.0,0.0,0.0,0.0,0.0,0.0,12.0,0.0,68.0,24.0,0.368
2013-43,0.368,20.0,0.0,0.0,58.0,32.0,0.0,0.0,21.0,9.0,32.0,0.0,0.0,0.0,0.0,0.0,0.0,0.0,0.0,0.0,0.0,0.0,39.0,0.0,0.0,21.0,0.0,0.0,0.0,0.0,0.0,0.0,20.0,0.0,38.0,0.0,0.0,0.0,0.0,0.0,0.0,0.0,0.0,0.0,0.0,12.0,0.0,68.0,24.0,0.576541
2013-44,0.576541,20.0,0.0,0.0,58.0,32.0,0.0,0.0,21.0,9.0,32.0,0.0,0.0,0.0,0.0,0.0,0.0,0.0,0.0,0.0,0.0,0.0,39.0,0.0,0.0,21.0,0.0,0.0,0.0,0.0,0.0,0.0,20.0,0.0,38.0,0.0,0.0,0.0,0.0,0.0,0.0,0.0,0.0,0.0,0.0,12.0,0.0,68.0,24.0,0.576419
2013-45,0.576419,27.0,46.0,0.0,34.0,31.0,0.0,0.0,16.0,22.0,31.0,0.0,62.0,0.0,27.0,0.0,0.0,0.0,0.0,85.0,0.0,0.0,77.0,0.0,77.0,0.0,0.0,0.0,0.0,77.0,0.0,28.0,78.0,67.0,0.0,42.0,55.0,0.0,0.0,0.0,0.0,28.0,38.0,0.0,55.0,24.0,0.0,67.0,0.0,0.373648
2013-46,0.373648,27.0,46.0,0.0,34.0,31.0,0.0,0.0,16.0,22.0,31.0,0.0,62.0,0.0,27.0,0.0,0.0,0.0,0.0,85.0,0.0,0.0,77.0,0.0,77.0,0.0,0.0,0.0,0.0,77.0,0.0,28.0,78.0,67.0,0.0,42.0,55.0,0.0,0.0,0.0,0.0,28.0,38.0,0.0,55.0,24.0,0.0,67.0,0.0,0.7643800000000001
2013-47,0.7643800000000001,27.0,46.0,0.0,34.0,31.0,0.0,0.0,16.0,22.0,31.0,0.0,62.0,0.0,27.0,0.0,0.0,0.0,0.0,85.0,0.0,0.0,77.0,0.0,77.0,0.0,0.0,0.0,0.0,77.0,0.0,28.0,78.0,67.0,0.0,42.0,55.0,0.0,0.0,0.0,0.0,28.0,38.0,0.0,55.0,24.0,0.0,67.0,0.0,0.511447
2013-48,0.511447,27.0,46.0,0.0,34.0,31.0,0.0,0.0,16.0,22.0,31.0,0.0,62.0,0.0,27.0,0.0,0.0,0.0,0.0,85.0,0.0,0.0,77.0,0.0,77.0,0.0,0.0,0.0,0.0,77.0,0.0,28.0,78.0,67.0,0.0,42.0,55.0,0.0,0.0,0.0,0.0,28.0,38.0,0.0,55.0,24.0,0.0,67.0,0.0,0.721955
2013-49,0.721955,13.0,0.0,0.0,21.0,0.0,0.0,0.0,11.0,12.0,0.0,0.0,0.0,0.0,0.0,0.0,0.0,0.0,0.0,0.0,0.0,0.0,0.0,0.0,0.0,0.0,0.0,0.0,27.0,0.0,0.0,0.0,0.0,0.0,17.0,0.0,50.0,0.0,60.0,0.0,0.0,0.0,0.0,0.0,50.0,39.0,0.0,0.0,21.0,0.748734
2013-50,0.748734,13.0,0.0,0.0,21.0,0.0,0.0,0.0,11.0,12.0,0.0,0.0,0.0,0.0,0.0,0.0,0.0,0.0,0.0,0.0,0.0,0.0,0.0,0.0,0.0,0.0,0.0,0.0,27.0,0.0,0.0,0.0,0.0,0.0,17.0,0.0,50.0,0.0,60.0,0.0,0.0,0.0,0.0,0.0,50.0,39.0,0.0,0.0,21.0,1.0810799999999998
2013-51,1.0810799999999998,13.0,0.0,0.0,21.0,0.0,0.0,0.0,11.0,12.0,0.0,0.0,0.0,0.0,0.0,0.0,0.0,0.0,0.0,0.0,0.0,0.0,0.0,0.0,0.0,0.0,0.0,0.0,27.0,0.0,0.0,0.0,0.0,0.0,17.0,0.0,50.0,0.0,60.0,0.0,0.0,0.0,0.0,0.0,50.0,39.0,0.0,0.0,21.0,1.88179
2013-52,1.88179,13.0,0.0,0.0,21.0,0.0,0.0,0.0,11.0,12.0,0.0,0.0,0.0,0.0,0.0,0.0,0.0,0.0,0.0,0.0,0.0,0.0,0.0,0.0,0.0,0.0,0.0,0.0,27.0,0.0,0.0,0.0,0.0,0.0,17.0,0.0,50.0,0.0,60.0,0.0,0.0,0.0,0.0,0.0,50.0,39.0,0.0,0.0,21.0,2.4724
2014-01,2.4724,13.0,0.0,0.0,21.0,0.0,0.0,0.0,11.0,12.0,0.0,0.0,0.0,0.0,0.0,0.0,0.0,0.0,0.0,0.0,0.0,0.0,0.0,0.0,0.0,0.0,0.0,0.0,27.0,0.0,0.0,0.0,0.0,0.0,17.0,0.0,50.0,0.0,60.0,0.0,0.0,0.0,0.0,0.0,50.0,39.0,0.0,0.0,21.0,2.19116
2014-02,2.19116,13.0,0.0,0.0,21.0,0.0,0.0,0.0,11.0,12.0,0.0,0.0,0.0,0.0,0.0,0.0,0.0,0.0,0.0,0.0,0.0,0.0,0.0,0.0,0.0,0.0,0.0,0.0,27.0,0.0,0.0,0.0,0.0,0.0,17.0,0.0,50.0,0.0,60.0,0.0,0.0,0.0,0.0,0.0,50.0,39.0,0.0,0.0,21.0,2.6215900000000003
2014-03,2.6215900000000003,13.0,0.0,0.0,21.0,0.0,0.0,0.0,11.0,12.0,0.0,0.0,0.0,0.0,0.0,0.0,0.0,0.0,0.0,0.0,0.0,0.0,0.0,0.0,0.0,0.0,0.0,0.0,27.0,0.0,0.0,0.0,0.0,0.0,17.0,0.0,50.0,0.0,60.0,0.0,0.0,0.0,0.0,0.0,50.0,39.0,0.0,0.0,21.0,2.36266
2014-04,2.36266,13.0,0.0,0.0,21.0,0.0,0.0,0.0,11.0,12.0,0.0,0.0,0.0,0.0,0.0,0.0,0.0,0.0,0.0,0.0,0.0,0.0,0.0,0.0,0.0,0.0,0.0,0.0,27.0,0.0,0.0,0.0,0.0,0.0,17.0,0.0,50.0,0.0,60.0,0.0,0.0,0.0,0.0,0.0,50.0,39.0,0.0,0.0,21.0,2.07193
2014-05,2.07193,13.0,0.0,0.0,21.0,0.0,0.0,0.0,11.0,12.0,0.0,0.0,0.0,0.0,0.0,0.0,0.0,0.0,0.0,0.0,0.0,0.0,0.0,0.0,0.0,0.0,0.0,0.0,27.0,0.0,0.0,0.0,0.0,0.0,17.0,0.0,50.0,0.0,60.0,0.0,0.0,0.0,0.0,0.0,50.0,39.0,0.0,0.0,21.0,1.52225
2014-06,1.52225,13.0,0.0,0.0,21.0,0.0,0.0,0.0,11.0,12.0,0.0,0.0,0.0,0.0,0.0,0.0,0.0,0.0,0.0,0.0,0.0,0.0,0.0,0.0,0.0,0.0,0.0,0.0,27.0,0.0,0.0,0.0,0.0,0.0,17.0,0.0,50.0,0.0,60.0,0.0,0.0,0.0,0.0,0.0,50.0,39.0,0.0,0.0,21.0,1.4562
2014-07,1.4562,13.0,0.0,0.0,21.0,0.0,0.0,0.0,11.0,12.0,0.0,0.0,0.0,0.0,0.0,0.0,0.0,0.0,0.0,0.0,0.0,0.0,0.0,0.0,0.0,0.0,0.0,0.0,27.0,0.0,0.0,0.0,0.0,0.0,17.0,0.0,50.0,0.0,60.0,0.0,0.0,0.0,0.0,0.0,50.0,39.0,0.0,0.0,21.0,1.4779200000000001
2014-08,1.4779200000000001,13.0,0.0,0.0,21.0,0.0,0.0,0.0,11.0,12.0,0.0,0.0,0.0,0.0,0.0,0.0,0.0,0.0,0.0,0.0,0.0,0.0,0.0,0.0,0.0,0.0,0.0,0.0,27.0,0.0,0.0,0.0,0.0,0.0,17.0,0.0,50.0,0.0,60.0,0.0,0.0,0.0,0.0,0.0,50.0,39.0,0.0,0.0,21.0,1.01649
2014-09,1.01649,13.0,0.0,0.0,21.0,0.0,0.0,0.0,11.0,12.0,0.0,0.0,0.0,0.0,0.0,0.0,0.0,0.0,0.0,0.0,0.0,0.0,0.0,0.0,0.0,0.0,0.0,0.0,27.0,0.0,0.0,0.0,0.0,0.0,17.0,0.0,50.0,0.0,60.0,0.0,0.0,0.0,0.0,0.0,50.0,39.0,0.0,0.0,21.0,0.9788870000000001
2014-10,0.9788870000000001,13.0,0.0,0.0,21.0,0.0,0.0,0.0,11.0,12.0,0.0,0.0,0.0,0.0,0.0,0.0,0.0,0.0,0.0,0.0,0.0,0.0,0.0,0.0,0.0,0.0,0.0,0.0,27.0,0.0,0.0,0.0,0.0,0.0,17.0,0.0,50.0,0.0,60.0,0.0,0.0,0.0,0.0,0.0,50.0,39.0,0.0,0.0,21.0,0.601358
2014-11,0.601358,13.0,0.0,0.0,21.0,0.0,0.0,0.0,11.0,12.0,0.0,0.0,0.0,0.0,0.0,0.0,0.0,0.0,0.0,0.0,0.0,0.0,0.0,0.0,0.0,0.0,0.0,0.0,27.0,0.0,0.0,0.0,0.0,0.0,17.0,0.0,50.0,0.0,60.0,0.0,0.0,0.0,0.0,0.0,50.0,39.0,0.0,0.0,21.0,0.319693
2014-12,0.319693,13.0,0.0,0.0,21.0,0.0,0.0,0.0,11.0,12.0,0.0,0.0,0.0,0.0,0.0,0.0,0.0,0.0,0.0,0.0,0.0,0.0,0.0,0.0,0.0,0.0,0.0,0.0,27.0,0.0,0.0,0.0,0.0,0.0,17.0,0.0,50.0,0.0,60.0,0.0,0.0,0.0,0.0,0.0,50.0,39.0,0.0,0.0,21.0,0.1886
2014-13,0.1886,13.0,0.0,0.0,21.0,0.0,0.0,0.0,11.0,12.0,0.0,0.0,0.0,0.0,0.0,0.0,0.0,0.0,0.0,0.0,0.0,0.0,0.0,0.0,0.0,0.0,0.0,0.0,27.0,0.0,0.0,0.0,0.0,0.0,17.0,0.0,50.0,0.0,60.0,0.0,0.0,0.0,0.0,0.0,50.0,39.0,0.0,0.0,21.0,0.191617
2014-14,0.191617,13.0,0.0,0.0,21.0,0.0,0.0,0.0,11.0,12.0,0.0,0.0,0.0,0.0,0.0,0.0,0.0,0.0,0.0,0.0,0.0,0.0,0.0,0.0,0.0,0.0,0.0,0.0,27.0,0.0,0.0,0.0,0.0,0.0,17.0,0.0,50.0,0.0,60.0,0.0,0.0,0.0,0.0,0.0,50.0,39.0,0.0,0.0,21.0,0.15625
2014-15,0.15625,10.0,0.0,0.0,17.0,31.0,0.0,0.0,17.0,9.0,31.0,67.0,31.0,0.0,0.0,43.0,0.0,40.0,0.0,0.0,0.0,38.0,38.0,0.0,0.0,0.0,0.0,0.0,0.0,0.0,0.0,0.0,0.0,0.0,0.0,0.0,0.0,0.0,34.0,0.0,0.0,0.0,0.0,0.0,0.0,18.0,0.0,0.0,24.0,0.197824
2014-16,0.197824,10.0,0.0,0.0,17.0,31.0,0.0,0.0,17.0,9.0,31.0,67.0,31.0,0.0,0.0,43.0,0.0,40.0,0.0,0.0,0.0,38.0,38.0,0.0,0.0,0.0,0.0,0.0,0.0,0.0,0.0,0.0,0.0,0.0,0.0,0.0,0.0,0.0,34.0,0.0,0.0,0.0,0.0,0.0,0.0,18.0,0.0,0.0,24.0,0.277521
2014-17,0.277521,10.0,0.0,0.0,17.0,31.0,0.0,0.0,17.0,9.0,31.0,67.0,31.0,0.0,0.0,43.0,0.0,40.0,0.0,0.0,0.0,38.0,38.0,0.0,0.0,0.0,0.0,0.0,0.0,0.0,0.0,0.0,0.0,0.0,0.0,0.0,0.0,0.0,34.0,0.0,0.0,0.0,0.0,0.0,0.0,18.0,0.0,0.0,24.0,0.160772
2014-18,0.160772,10.0,0.0,0.0,17.0,31.0,0.0,0.0,17.0,9.0,31.0,67.0,31.0,0.0,0.0,43.0,0.0,40.0,0.0,0.0,0.0,38.0,38.0,0.0,0.0,0.0,0.0,0.0,0.0,0.0,0.0,0.0,0.0,0.0,0.0,0.0,0.0,0.0,34.0,0.0,0.0,0.0,0.0,0.0,0.0,18.0,0.0,0.0,24.0,0.101729
2014-19,0.101729,7.0,0.0,0.0,27.0,0.0,0.0,0.0,20.0,31.0,0.0,0.0,0.0,0.0,0.0,26.0,0.0,0.0,0.0,0.0,0.0,0.0,0.0,0.0,0.0,0.0,0.0,0.0,0.0,0.0,0.0,0.0,0.0,0.0,22.0,0.0,0.0,0.0,40.0,0.0,0.0,0.0,0.0,0.0,0.0,30.0,0.0,0.0,28.0,0.10621300000000004
2014-20,0.10621300000000004,7.0,0.0,0.0,27.0,0.0,0.0,0.0,20.0,31.0,0.0,0.0,0.0,0.0,0.0,26.0,0.0,0.0,0.0,0.0,0.0,0.0,0.0,0.0,0.0,0.0,0.0,0.0,0.0,0.0,0.0,0.0,0.0,0.0,22.0,0.0,0.0,0.0,40.0,0.0,0.0,0.0,0.0,0.0,0.0,30.0,0.0,0.0,28.0,0.304288
2014-21,0.304288,7.0,0.0,0.0,27.0,0.0,0.0,0.0,20.0,31.0,0.0,0.0,0.0,0.0,0.0,26.0,0.0,0.0,0.0,0.0,0.0,0.0,0.0,0.0,0.0,0.0,0.0,0.0,0.0,0.0,0.0,0.0,0.0,0.0,22.0,0.0,0.0,0.0,40.0,0.0,0.0,0.0,0.0,0.0,0.0,30.0,0.0,0.0,28.0,0.059276800000000004
2014-22,0.059276800000000004,7.0,0.0,0.0,27.0,0.0,0.0,0.0,20.0,31.0,0.0,0.0,0.0,0.0,0.0,26.0,0.0,0.0,0.0,0.0,0.0,0.0,0.0,0.0,0.0,0.0,0.0,0.0,0.0,0.0,0.0,0.0,0.0,0.0,22.0,0.0,0.0,0.0,40.0,0.0,0.0,0.0,0.0,0.0,0.0,30.0,0.0,0.0,28.0,0.11544000000000001
2014-23,0.11544000000000001,5.0,0.0,0.0,13.0,0.0,0.0,0.0,0.0,15.0,0.0,0.0,36.0,0.0,0.0,25.0,0.0,0.0,0.0,0.0,0.0,0.0,0.0,0.0,0.0,0.0,0.0,0.0,0.0,0.0,0.0,0.0,23.0,0.0,0.0,0.0,64.0,0.0,39.0,88.0,0.0,0.0,44.0,0.0,64.0,0.0,0.0,0.0,0.0,0.134553
2014-24,0.134553,5.0,0.0,0.0,13.0,0.0,0.0,0.0,0.0,15.0,0.0,0.0,36.0,0.0,0.0,25.0,0.0,0.0,0.0,0.0,0.0,0.0,0.0,0.0,0.0,0.0,0.0,0.0,0.0,0.0,0.0,0.0,23.0,0.0,0.0,0.0,64.0,0.0,39.0,88.0,0.0,0.0,44.0,0.0,64.0,0.0,0.0,0.0,0.0,0.16334500000000002
2014-25,0.16334500000000002,5.0,0.0,0.0,13.0,0.0,0.0,0.0,0.0,15.0,0.0,0.0,36.0,0.0,0.0,25.0,0.0,0.0,0.0,0.0,0.0,0.0,0.0,0.0,0.0,0.0,0.0,0.0,0.0,0.0,0.0,0.0,23.0,0.0,0.0,0.0,64.0,0.0,39.0,88.0,0.0,0.0,44.0,0.0,64.0,0.0,0.0,0.0,0.0,0.11438399999999999
2014-26,0.11438399999999999,5.0,0.0,0.0,13.0,0.0,0.0,0.0,0.0,15.0,0.0,0.0,36.0,0.0,0.0,25.0,0.0,0.0,0.0,0.0,0.0,0.0,0.0,0.0,0.0,0.0,0.0,0.0,0.0,0.0,0.0,0.0,23.0,0.0,0.0,0.0,64.0,0.0,39.0,88.0,0.0,0.0,44.0,0.0,64.0,0.0,0.0,0.0,0.0,0.10453
2014-27,0.10453,5.0,0.0,0.0,13.0,0.0,0.0,0.0,0.0,15.0,0.0,0.0,36.0,0.0,0.0,25.0,0.0,0.0,0.0,0.0,0.0,0.0,0.0,0.0,0.0,0.0,0.0,0.0,0.0,0.0,0.0,0.0,23.0,0.0,0.0,0.0,64.0,0.0,39.0,88.0,0.0,0.0,44.0,0.0,64.0,0.0,0.0,0.0,0.0,0.05868540000000001
2014-28,0.05868540000000001,9.0,0.0,0.0,32.0,0.0,0.0,0.0,0.0,0.0,0.0,0.0,35.0,0.0,0.0,24.0,0.0,0.0,0.0,0.0,0.0,0.0,0.0,0.0,0.0,0.0,0.0,0.0,0.0,0.0,0.0,0.0,22.0,0.0,0.0,0.0,0.0,0.0,0.0,0.0,0.0,0.0,43.0,0.0,0.0,34.0,0.0,0.0,27.0,0.074184
2014-29,0.074184,9.0,0.0,0.0,32.0,0.0,0.0,0.0,0.0,0.0,0.0,0.0,35.0,0.0,0.0,24.0,0.0,0.0,0.0,0.0,0.0,0.0,0.0,0.0,0.0,0.0,0.0,0.0,0.0,0.0,0.0,0.0,22.0,0.0,0.0,0.0,0.0,0.0,0.0,0.0,0.0,0.0,43.0,0.0,0.0,34.0,0.0,0.0,27.0,0.0845785
2014-30,0.0845785,9.0,0.0,0.0,32.0,0.0,0.0,0.0,0.0,0.0,0.0,0.0,35.0,0.0,0.0,24.0,0.0,0.0,0.0,0.0,0.0,0.0,0.0,0.0,0.0,0.0,0.0,0.0,0.0,0.0,0.0,0.0,22.0,0.0,0.0,0.0,0.0,0.0,0.0,0.0,0.0,0.0,43.0,0.0,0.0,34.0,0.0,0.0,27.0,0.20161300000000001
2014-31,0.20161300000000001,9.0,0.0,0.0,32.0,0.0,0.0,0.0,0.0,0.0,0.0,0.0,35.0,0.0,0.0,24.0,0.0,0.0,0.0,0.0,0.0,0.0,0.0,0.0,0.0,0.0,0.0,0.0,0.0,0.0,0.0,0.0,22.0,0.0,0.0,0.0,0.0,0.0,0.0,0.0,0.0,0.0,43.0,0.0,0.0,34.0,0.0,0.0,27.0,0.209754
2014-32,0.209754,22.0,0.0,0.0,46.0,0.0,0.0,0.0,17.0,9.0,0.0,0.0,32.0,0.0,0.0,0.0,0.0,0.0,0.0,85.0,0.0,0.0,39.0,64.0,0.0,0.0,0.0,0.0,31.0,0.0,0.0,29.0,20.0,0.0,0.0,0.0,0.0,0.0,0.0,0.0,0.0,29.0,0.0,0.0,0.0,12.0,0.0,0.0,48.0,0.0446828
2014-33,0.0446828,22.0,0.0,0.0,46.0,0.0,0.0,0.0,17.0,9.0,0.0,0.0,32.0,0.0,0.0,0.0,0.0,0.0,0.0,85.0,0.0,0.0,39.0,64.0,0.0,0.0,0.0,0.0,31.0,0.0,0.0,29.0,20.0,0.0,0.0,0.0,0.0,0.0,0.0,0.0,0.0,29.0,0.0,0.0,0.0,12.0,0.0,0.0,48.0,0.123839
2014-34,0.123839,22.0,0.0,0.0,46.0,0.0,0.0,0.0,17.0,9.0,0.0,0.0,32.0,0.0,0.0,0.0,0.0,0.0,0.0,85.0,0.0,0.0,39.0,64.0,0.0,0.0,0.0,0.0,31.0,0.0,0.0,29.0,20.0,0.0,0.0,0.0,0.0,0.0,0.0,0.0,0.0,29.0,0.0,0.0,0.0,12.0,0.0,0.0,48.0,0.028810099999999998
2014-35,0.028810099999999998,22.0,0.0,0.0,46.0,0.0,0.0,0.0,17.0,9.0,0.0,0.0,32.0,0.0,0.0,0.0,0.0,0.0,0.0,85.0,0.0,0.0,39.0,64.0,0.0,0.0,0.0,0.0,31.0,0.0,0.0,29.0,20.0,0.0,0.0,0.0,0.0,0.0,0.0,0.0,0.0,29.0,0.0,0.0,0.0,12.0,0.0,0.0,48.0,0.367261
2014-36,0.367261,22.0,0.0,0.0,46.0,0.0,0.0,0.0,17.0,9.0,0.0,0.0,32.0,0.0,0.0,0.0,0.0,0.0,0.0,85.0,0.0,0.0,39.0,64.0,0.0,0.0,0.0,0.0,31.0,0.0,0.0,29.0,20.0,0.0,0.0,0.0,0.0,0.0,0.0,0.0,0.0,29.0,0.0,0.0,0.0,12.0,0.0,0.0,48.0,0.5655359999999999
2014-37,0.5655359999999999,28.0,0.0,0.0,44.0,0.0,0.0,0.0,16.0,9.0,0.0,0.0,60.0,0.0,0.0,0.0,0.0,0.0,0.0,0.0,0.0,0.0,37.0,0.0,0.0,0.0,0.0,0.0,59.0,0.0,0.0,0.0,0.0,0.0,27.0,0.0,0.0,0.0,0.0,0.0,0.0,0.0,37.0,0.0,0.0,35.0,0.0,0.0,23.0,0.609975
2014-38,0.609975,28.0,0.0,0.0,44.0,0.0,0.0,0.0,16.0,9.0,0.0,0.0,60.0,0.0,0.0,0.0,0.0,0.0,0.0,0.0,0.0,0.0,37.0,0.0,0.0,0.0,0.0,0.0,59.0,0.0,0.0,0.0,0.0,0.0,27.0,0.0,0.0,0.0,0.0,0.0,0.0,0.0,37.0,0.0,0.0,35.0,0.0,0.0,23.0,0.5387930000000001
2014-39,0.5387930000000001,28.0,0.0,0.0,44.0,0.0,0.0,0.0,16.0,9.0,0.0,0.0,60.0,0.0,0.0,0.0,0.0,0.0,0.0,0.0,0.0,0.0,37.0,0.0,0.0,0.0,0.0,0.0,59.0,0.0,0.0,0.0,0.0,0.0,27.0,0.0,0.0,0.0,0.0,0.0,0.0,0.0,37.0,0.0,0.0,35.0,0.0,0.0,23.0,0.519785
2014-40,0.519785,28.0,0.0,0.0,44.0,0.0,0.0,0.0,16.0,9.0,0.0,0.0,60.0,0.0,0.0,0.0,0.0,0.0,0.0,0.0,0.0,0.0,37.0,0.0,0.0,0.0,0.0,0.0,59.0,0.0,0.0,0.0,0.0,0.0,27.0,0.0,0.0,0.0,0.0,0.0,0.0,0.0,37.0,0.0,0.0,35.0,0.0,0.0,23.0,0.470793
2014-41,0.470793,22.0,0.0,0.0,67.0,46.0,0.0,0.0,21.0,17.0,46.0,0.0,0.0,0.0,0.0,0.0,0.0,39.0,0.0,0.0,0.0,0.0,38.0,0.0,0.0,20.0,0.0,0.0,30.0,0.0,0.0,28.0,19.0,67.0,18.0,0.0,0.0,0.0,100.0,0.0,0.0,28.0,38.0,0.0,0.0,24.0,0.0,0.0,0.0,0.512343
2014-42,0.512343,22.0,0.0,0.0,67.0,46.0,0.0,0.0,21.0,17.0,46.0,0.0,0.0,0.0,0.0,0.0,0.0,39.0,0.0,0.0,0.0,0.0,38.0,0.0,0.0,20.0,0.0,0.0,30.0,0.0,0.0,28.0,19.0,67.0,18.0,0.0,0.0,0.0,100.0,0.0,0.0,28.0,38.0,0.0,0.0,24.0,0.0,0.0,0.0,0.8483200000000001
2014-43,0.8483200000000001,22.0,0.0,0.0,67.0,46.0,0.0,0.0,21.0,17.0,46.0,0.0,0.0,0.0,0.0,0.0,0.0,39.0,0.0,0.0,0.0,0.0,38.0,0.0,0.0,20.0,0.0,0.0,30.0,0.0,0.0,28.0,19.0,67.0,18.0,0.0,0.0,0.0,100.0,0.0,0.0,28.0,38.0,0.0,0.0,24.0,0.0,0.0,0.0,0.43082
2014-44,0.43082,22.0,0.0,0.0,67.0,46.0,0.0,0.0,21.0,17.0,46.0,0.0,0.0,0.0,0.0,0.0,0.0,39.0,0.0,0.0,0.0,0.0,38.0,0.0,0.0,20.0,0.0,0.0,30.0,0.0,0.0,28.0,19.0,67.0,18.0,0.0,0.0,0.0,100.0,0.0,0.0,28.0,38.0,0.0,0.0,24.0,0.0,0.0,0.0,0.605727
2014-45,0.605727,33.0,0.0,0.0,44.0,30.0,36.0,0.0,32.0,13.0,30.0,65.0,0.0,0.0,0.0,42.0,0.0,0.0,0.0,0.0,0.0,0.0,37.0,0.0,0.0,40.0,0.0,0.0,0.0,0.0,59.0,28.0,19.0,0.0,18.0,0.0,0.0,0.0,0.0,0.0,0.0,28.0,75.0,0.0,0.0,18.0,0.0,0.0,0.0,0.721421
2014-46,0.721421,33.0,0.0,0.0,44.0,30.0,36.0,0.0,32.0,13.0,30.0,65.0,0.0,0.0,0.0,42.0,0.0,0.0,0.0,0.0,0.0,0.0,37.0,0.0,0.0,40.0,0.0,0.0,0.0,0.0,59.0,28.0,19.0,0.0,18.0,0.0,0.0,0.0,0.0,0.0,0.0,28.0,75.0,0.0,0.0,18.0,0.0,0.0,0.0,0.677574
2014-47,0.677574,33.0,0.0,0.0,44.0,30.0,36.0,0.0,32.0,13.0,30.0,65.0,0.0,0.0,0.0,42.0,0.0,0.0,0.0,0.0,0.0,0.0,37.0,0.0,0.0,40.0,0.0,0.0,0.0,0.0,59.0,28.0,19.0,0.0,18.0,0.0,0.0,0.0,0.0,0.0,0.0,28.0,75.0,0.0,0.0,18.0,0.0,0.0,0.0,1.23187
2014-48,1.23187,33.0,0.0,0.0,44.0,30.0,36.0,0.0,32.0,13.0,30.0,65.0,0.0,0.0,0.0,42.0,0.0,0.0,0.0,0.0,0.0,0.0,37.0,0.0,0.0,40.0,0.0,0.0,0.0,0.0,59.0,28.0,19.0,0.0,18.0,0.0,0.0,0.0,0.0,0.0,0.0,28.0,75.0,0.0,0.0,18.0,0.0,0.0,0.0,1.3350899999999999
2014-49,1.3350899999999999,33.0,0.0,0.0,44.0,30.0,36.0,0.0,32.0,13.0,30.0,65.0,0.0,0.0,0.0,42.0,0.0,0.0,0.0,0.0,0.0,0.0,37.0,0.0,0.0,40.0,0.0,0.0,0.0,0.0,59.0,28.0,19.0,0.0,18.0,0.0,0.0,0.0,0.0,0.0,0.0,28.0,75.0,0.0,0.0,18.0,0.0,0.0,0.0,1.64936
2014-50,1.64936,17.0,43.0,0.0,63.0,0.0,34.0,100.0,15.0,8.0,0.0,0.0,0.0,0.0,100.0,40.0,100.0,49.0,78.0,0.0,0.0,0.0,0.0,0.0,0.0,0.0,0.0,0.0,0.0,0.0,0.0,0.0,18.0,0.0,0.0,0.0,51.0,0.0,31.0,0.0,0.0,0.0,0.0,0.0,51.0,34.0,44.0,0.0,22.0,2.23061
2014-51,2.23061,17.0,43.0,0.0,63.0,0.0,34.0,100.0,15.0,8.0,0.0,0.0,0.0,0.0,100.0,40.0,100.0,49.0,78.0,0.0,0.0,0.0,0.0,0.0,0.0,0.0,0.0,0.0,0.0,0.0,0.0,0.0,18.0,0.0,0.0,0.0,51.0,0.0,31.0,0.0,0.0,0.0,0.0,0.0,51.0,34.0,44.0,0.0,22.0,2.61481
2014-52,2.61481,17.0,43.0,0.0,63.0,0.0,34.0,100.0,15.0,8.0,0.0,0.0,0.0,0.0,100.0,40.0,100.0,49.0,78.0,0.0,0.0,0.0,0.0,0.0,0.0,0.0,0.0,0.0,0.0,0.0,0.0,0.0,18.0,0.0,0.0,0.0,51.0,0.0,31.0,0.0,0.0,0.0,0.0,0.0,51.0,34.0,44.0,0.0,22.0,3.1512599999999997
2015-01,3.1512599999999997,17.0,43.0,0.0,63.0,0.0,34.0,100.0,15.0,8.0,0.0,0.0,0.0,0.0,100.0,40.0,100.0,49.0,78.0,0.0,0.0,0.0,0.0,0.0,0.0,0.0,0.0,0.0,0.0,0.0,0.0,0.0,18.0,0.0,0.0,0.0,51.0,0.0,31.0,0.0,0.0,0.0,0.0,0.0,51.0,34.0,44.0,0.0,22.0,2.5850299999999997
2015-02,2.5850299999999997,17.0,43.0,0.0,63.0,0.0,34.0,100.0,15.0,8.0,0.0,0.0,0.0,0.0,100.0,40.0,100.0,49.0,78.0,0.0,0.0,0.0,0.0,0.0,0.0,0.0,0.0,0.0,0.0,0.0,0.0,0.0,18.0,0.0,0.0,0.0,51.0,0.0,31.0,0.0,0.0,0.0,0.0,0.0,51.0,34.0,44.0,0.0,22.0,3.02352
2015-03,3.02352,17.0,43.0,0.0,63.0,0.0,34.0,100.0,15.0,8.0,0.0,0.0,0.0,0.0,100.0,40.0,100.0,49.0,78.0,0.0,0.0,0.0,0.0,0.0,0.0,0.0,0.0,0.0,0.0,0.0,0.0,0.0,18.0,0.0,0.0,0.0,51.0,0.0,31.0,0.0,0.0,0.0,0.0,0.0,51.0,34.0,44.0,0.0,22.0,3.4615400000000003
2015-04,3.4615400000000003,17.0,43.0,0.0,63.0,0.0,34.0,100.0,15.0,8.0,0.0,0.0,0.0,0.0,100.0,40.0,100.0,49.0,78.0,0.0,0.0,0.0,0.0,0.0,0.0,0.0,0.0,0.0,0.0,0.0,0.0,0.0,18.0,0.0,0.0,0.0,51.0,0.0,31.0,0.0,0.0,0.0,0.0,0.0,51.0,34.0,44.0,0.0,22.0,3.4508
2015-05,3.4508,17.0,43.0,0.0,63.0,0.0,34.0,100.0,15.0,8.0,0.0,0.0,0.0,0.0,100.0,40.0,100.0,49.0,78.0,0.0,0.0,0.0,0.0,0.0,0.0,0.0,0.0,0.0,0.0,0.0,0.0,0.0,18.0,0.0,0.0,0.0,51.0,0.0,31.0,0.0,0.0,0.0,0.0,0.0,51.0,34.0,44.0,0.0,22.0,3.39601
2015-06,3.39601,17.0,43.0,0.0,63.0,0.0,34.0,100.0,15.0,8.0,0.0,0.0,0.0,0.0,100.0,40.0,100.0,49.0,78.0,0.0,0.0,0.0,0.0,0.0,0.0,0.0,0.0,0.0,0.0,0.0,0.0,0.0,18.0,0.0,0.0,0.0,51.0,0.0,31.0,0.0,0.0,0.0,0.0,0.0,51.0,34.0,44.0,0.0,22.0,2.54425
2015-07,2.54425,17.0,43.0,0.0,63.0,0.0,34.0,100.0,15.0,8.0,0.0,0.0,0.0,0.0,100.0,40.0,100.0,49.0,78.0,0.0,0.0,0.0,0.0,0.0,0.0,0.0,0.0,0.0,0.0,0.0,0.0,0.0,18.0,0.0,0.0,0.0,51.0,0.0,31.0,0.0,0.0,0.0,0.0,0.0,51.0,34.0,44.0,0.0,22.0,1.79856
2015-08,1.79856,17.0,43.0,0.0,63.0,0.0,34.0,100.0,15.0,8.0,0.0,0.0,0.0,0.0,100.0,40.0,100.0,49.0,78.0,0.0,0.0,0.0,0.0,0.0,0.0,0.0,0.0,0.0,0.0,0.0,0.0,0.0,18.0,0.0,0.0,0.0,51.0,0.0,31.0,0.0,0.0,0.0,0.0,0.0,51.0,34.0,44.0,0.0,22.0,2.04493
2015-09,2.04493,17.0,43.0,0.0,63.0,0.0,34.0,100.0,15.0,8.0,0.0,0.0,0.0,0.0,100.0,40.0,100.0,49.0,78.0,0.0,0.0,0.0,0.0,0.0,0.0,0.0,0.0,0.0,0.0,0.0,0.0,0.0,18.0,0.0,0.0,0.0,51.0,0.0,31.0,0.0,0.0,0.0,0.0,0.0,51.0,34.0,44.0,0.0,22.0,2.07863
2015-10,2.07863,17.0,43.0,0.0,63.0,0.0,34.0,100.0,15.0,8.0,0.0,0.0,0.0,0.0,100.0,40.0,100.0,49.0,78.0,0.0,0.0,0.0,0.0,0.0,0.0,0.0,0.0,0.0,0.0,0.0,0.0,0.0,18.0,0.0,0.0,0.0,51.0,0.0,31.0,0.0,0.0,0.0,0.0,0.0,51.0,34.0,44.0,0.0,22.0,1.51281
2015-11,1.51281,17.0,43.0,0.0,63.0,0.0,34.0,100.0,15.0,8.0,0.0,0.0,0.0,0.0,100.0,40.0,100.0,49.0,78.0,0.0,0.0,0.0,0.0,0.0,0.0,0.0,0.0,0.0,0.0,0.0,0.0,0.0,18.0,0.0,0.0,0.0,51.0,0.0,31.0,0.0,0.0,0.0,0.0,0.0,51.0,34.0,44.0,0.0,22.0,1.6843299999999999
2015-12,1.6843299999999999,17.0,43.0,0.0,63.0,0.0,34.0,100.0,15.0,8.0,0.0,0.0,0.0,0.0,100.0,40.0,100.0,49.0,78.0,0.0,0.0,0.0,0.0,0.0,0.0,0.0,0.0,0.0,0.0,0.0,0.0,0.0,18.0,0.0,0.0,0.0,51.0,0.0,31.0,0.0,0.0,0.0,0.0,0.0,51.0,34.0,44.0,0.0,22.0,1.06229
2015-13,1.06229,17.0,43.0,0.0,63.0,0.0,34.0,100.0,15.0,8.0,0.0,0.0,0.0,0.0,100.0,40.0,100.0,49.0,78.0,0.0,0.0,0.0,0.0,0.0,0.0,0.0,0.0,0.0,0.0,0.0,0.0,0.0,18.0,0.0,0.0,0.0,51.0,0.0,31.0,0.0,0.0,0.0,0.0,0.0,51.0,34.0,44.0,0.0,22.0,1.24876
2015-14,1.24876,17.0,43.0,0.0,63.0,0.0,34.0,100.0,15.0,8.0,0.0,0.0,0.0,0.0,100.0,40.0,100.0,49.0,78.0,0.0,0.0,0.0,0.0,0.0,0.0,0.0,0.0,0.0,0.0,0.0,0.0,0.0,18.0,0.0,0.0,0.0,51.0,0.0,31.0,0.0,0.0,0.0,0.0,0.0,51.0,34.0,44.0,0.0,22.0,1.14504
2015-15,1.14504,9.0,43.0,0.0,47.0,0.0,34.0,0.0,11.0,8.0,0.0,0.0,28.0,0.0,25.0,0.0,0.0,0.0,0.0,0.0,0.0,0.0,52.0,0.0,0.0,0.0,0.0,0.0,0.0,0.0,0.0,0.0,18.0,0.0,0.0,0.0,0.0,0.0,0.0,0.0,0.0,0.0,0.0,0.0,0.0,33.0,0.0,0.0,0.0,1.1676
2015-16,1.1676,9.0,43.0,0.0,47.0,0.0,34.0,0.0,11.0,8.0,0.0,0.0,28.0,0.0,25.0,0.0,0.0,0.0,0.0,0.0,0.0,0.0,52.0,0.0,0.0,0.0,0.0,0.0,0.0,0.0,0.0,0.0,18.0,0.0,0.0,0.0,0.0,0.0,0.0,0.0,0.0,0.0,0.0,0.0,0.0,33.0,0.0,0.0,0.0,0.542075
2015-17,0.542075,9.0,43.0,0.0,47.0,0.0,34.0,0.0,11.0,8.0,0.0,0.0,28.0,0.0,25.0,0.0,0.0,0.0,0.0,0.0,0.0,0.0,52.0,0.0,0.0,0.0,0.0,0.0,0.0,0.0,0.0,0.0,18.0,0.0,0.0,0.0,0.0,0.0,0.0,0.0,0.0,0.0,0.0,0.0,0.0,33.0,0.0,0.0,0.0,0.441379
2015-18,0.441379,9.0,43.0,0.0,47.0,0.0,34.0,0.0,11.0,8.0,0.0,0.0,28.0,0.0,25.0,0.0,0.0,0.0,0.0,0.0,0.0,0.0,52.0,0.0,0.0,0.0,0.0,0.0,0.0,0.0,0.0,0.0,18.0,0.0,0.0,0.0,0.0,0.0,0.0,0.0,0.0,0.0,0.0,0.0,0.0,33.0,0.0,0.0,0.0,0.666154
2015-19,0.666154,9.0,47.0,0.0,40.0,31.0,0.0,0.0,8.0,9.0,31.0,0.0,0.0,0.0,0.0,0.0,0.0,27.0,0.0,0.0,0.0,0.0,39.0,0.0,0.0,0.0,0.0,0.0,0.0,78.0,0.0,0.0,20.0,0.0,0.0,0.0,0.0,0.0,34.0,0.0,0.0,0.0,0.0,0.0,0.0,18.0,0.0,0.0,0.0,0.7651560000000001
2015-20,0.7651560000000001,9.0,47.0,0.0,40.0,31.0,0.0,0.0,8.0,9.0,31.0,0.0,0.0,0.0,0.0,0.0,0.0,27.0,0.0,0.0,0.0,0.0,39.0,0.0,0.0,0.0,0.0,0.0,0.0,78.0,0.0,0.0,20.0,0.0,0.0,0.0,0.0,0.0,34.0,0.0,0.0,0.0,0.0,0.0,0.0,18.0,0.0,0.0,0.0,0.289436
2015-21,0.289436,9.0,47.0,0.0,40.0,31.0,0.0,0.0,8.0,9.0,31.0,0.0,0.0,0.0,0.0,0.0,0.0,27.0,0.0,0.0,0.0,0.0,39.0,0.0,0.0,0.0,0.0,0.0,0.0,78.0,0.0,0.0,20.0,0.0,0.0,0.0,0.0,0.0,34.0,0.0,0.0,0.0,0.0,0.0,0.0,18.0,0.0,0.0,0.0,0.361119
2015-22,0.361119,9.0,47.0,0.0,40.0,31.0,0.0,0.0,8.0,9.0,31.0,0.0,0.0,0.0,0.0,0.0,0.0,27.0,0.0,0.0,0.0,0.0,39.0,0.0,0.0,0.0,0.0,0.0,0.0,78.0,0.0,0.0,20.0,0.0,0.0,0.0,0.0,0.0,34.0,0.0,0.0,0.0,0.0,0.0,0.0,18.0,0.0,0.0,0.0,0.352113
2015-23,0.352113,9.0,47.0,0.0,40.0,31.0,0.0,0.0,8.0,9.0,31.0,0.0,0.0,0.0,0.0,0.0,0.0,27.0,0.0,0.0,0.0,0.0,39.0,0.0,0.0,0.0,0.0,0.0,0.0,78.0,0.0,0.0,20.0,0.0,0.0,0.0,0.0,0.0,34.0,0.0,0.0,0.0,0.0,0.0,0.0,18.0,0.0,0.0,0.0,0.328623
2015-24,0.328623,13.0,45.0,0.0,22.0,0.0,0.0,0.0,28.0,8.0,0.0,0.0,0.0,0.0,0.0,0.0,0.0,25.0,0.0,0.0,0.0,36.0,36.0,0.0,0.0,0.0,0.0,0.0,0.0,0.0,0.0,0.0,19.0,64.0,0.0,0.0,0.0,0.0,0.0,0.0,0.0,0.0,0.0,0.0,0.0,0.0,0.0,0.0,0.0,0.15248599999999998
2015-25,0.15248599999999998,13.0,45.0,0.0,22.0,0.0,0.0,0.0,28.0,8.0,0.0,0.0,0.0,0.0,0.0,0.0,0.0,25.0,0.0,0.0,0.0,36.0,36.0,0.0,0.0,0.0,0.0,0.0,0.0,0.0,0.0,0.0,19.0,64.0,0.0,0.0,0.0,0.0,0.0,0.0,0.0,0.0,0.0,0.0,0.0,0.0,0.0,0.0,0.0,0.11025399999999999
2015-26,0.11025399999999999,13.0,45.0,0.0,22.0,0.0,0.0,0.0,28.0,8.0,0.0,0.0,0.0,0.0,0.0,0.0,0.0,25.0,0.0,0.0,0.0,36.0,36.0,0.0,0.0,0.0,0.0,0.0,0.0,0.0,0.0,0.0,19.0,64.0,0.0,0.0,0.0,0.0,0.0,0.0,0.0,0.0,0.0,0.0,0.0,0.0,0.0,0.0,0.0,0.0424268
2015-27,0.0424268,13.0,45.0,0.0,22.0,0.0,0.0,0.0,28.0,8.0,0.0,0.0,0.0,0.0,0.0,0.0,0.0,25.0,0.0,0.0,0.0,36.0,36.0,0.0,0.0,0.0,0.0,0.0,0.0,0.0,0.0,0.0,19.0,64.0,0.0,0.0,0.0,0.0,0.0,0.0,0.0,0.0,0.0,0.0,0.0,0.0,0.0,0.0,0.0,0.040225300000000005
2015-28,0.040225300000000005,10.0,43.0,0.0,31.0,28.0,0.0,25.0,0.0,16.0,28.0,0.0,28.0,49.0,25.0,20.0,0.0,24.0,0.0,0.0,0.0,0.0,0.0,0.0,0.0,0.0,0.0,55.0,27.0,0.0,0.0,26.0,36.0,0.0,0.0,0.0,0.0,0.0,31.0,0.0,0.0,26.0,0.0,0.0,0.0,22.0,0.0,0.0,0.0,0.0733138
2015-29,0.0733138,10.0,43.0,0.0,31.0,28.0,0.0,25.0,0.0,16.0,28.0,0.0,28.0,49.0,25.0,20.0,0.0,24.0,0.0,0.0,0.0,0.0,0.0,0.0,0.0,0.0,0.0,55.0,27.0,0.0,0.0,26.0,36.0,0.0,0.0,0.0,0.0,0.0,31.0,0.0,0.0,26.0,0.0,0.0,0.0,22.0,0.0,0.0,0.0,0.349786
2015-30,0.349786,10.0,43.0,0.0,31.0,28.0,0.0,25.0,0.0,16.0,28.0,0.0,28.0,49.0,25.0,20.0,0.0,24.0,0.0,0.0,0.0,0.0,0.0,0.0,0.0,0.0,0.0,55.0,27.0,0.0,0.0,26.0,36.0,0.0,0.0,0.0,0.0,0.0,31.0,0.0,0.0,26.0,0.0,0.0,0.0,22.0,0.0,0.0,0.0,0.270688
2015-31,0.270688,10.0,43.0,0.0,31.0,28.0,0.0,25.0,0.0,16.0,28.0,0.0,28.0,49.0,25.0,20.0,0.0,24.0,0.0,0.0,0.0,0.0,0.0,0.0,0.0,0.0,0.0,55.0,27.0,0.0,0.0,26.0,36.0,0.0,0.0,0.0,0.0,0.0,31.0,0.0,0.0,26.0,0.0,0.0,0.0,22.0,0.0,0.0,0.0,0.190549
2015-32,0.190549,9.0,0.0,0.0,30.0,0.0,32.0,0.0,7.0,8.0,0.0,0.0,27.0,0.0,0.0,0.0,0.0,46.0,0.0,0.0,0.0,0.0,0.0,0.0,0.0,0.0,0.0,0.0,0.0,0.0,0.0,25.0,0.0,0.0,0.0,0.0,0.0,0.0,0.0,0.0,0.0,25.0,0.0,0.0,0.0,43.0,42.0,0.0,0.0,0.11582999999999999
2015-33,0.11582999999999999,9.0,0.0,0.0,30.0,0.0,32.0,0.0,7.0,8.0,0.0,0.0,27.0,0.0,0.0,0.0,0.0,46.0,0.0,0.0,0.0,0.0,0.0,0.0,0.0,0.0,0.0,0.0,0.0,0.0,0.0,25.0,0.0,0.0,0.0,0.0,0.0,0.0,0.0,0.0,0.0,25.0,0.0,0.0,0.0,43.0,42.0,0.0,0.0,0.174581
2015-34,0.174581,9.0,0.0,0.0,30.0,0.0,32.0,0.0,7.0,8.0,0.0,0.0,27.0,0.0,0.0,0.0,0.0,46.0,0.0,0.0,0.0,0.0,0.0,0.0,0.0,0.0,0.0,0.0,0.0,0.0,0.0,25.0,0.0,0.0,0.0,0.0,0.0,0.0,0.0,0.0,0.0,25.0,0.0,0.0,0.0,43.0,42.0,0.0,0.0,0.114025
2015-35,0.114025,9.0,0.0,0.0,30.0,0.0,32.0,0.0,7.0,8.0,0.0,0.0,27.0,0.0,0.0,0.0,0.0,46.0,0.0,0.0,0.0,0.0,0.0,0.0,0.0,0.0,0.0,0.0,0.0,0.0,0.0,25.0,0.0,0.0,0.0,0.0,0.0,0.0,0.0,0.0,0.0,25.0,0.0,0.0,0.0,43.0,42.0,0.0,0.0,0.10485799999999999
2015-36,0.10485799999999999,9.0,0.0,0.0,30.0,0.0,32.0,0.0,7.0,8.0,0.0,0.0,27.0,0.0,0.0,0.0,0.0,46.0,0.0,0.0,0.0,0.0,0.0,0.0,0.0,0.0,0.0,0.0,0.0,0.0,0.0,25.0,0.0,0.0,0.0,0.0,0.0,0.0,0.0,0.0,0.0,25.0,0.0,0.0,0.0,43.0,42.0,0.0,0.0,0.208333
2015-37,0.208333,39.0,0.0,0.0,52.0,0.0,31.0,0.0,21.0,7.0,0.0,0.0,0.0,0.0,0.0,18.0,0.0,44.0,0.0,0.0,0.0,31.0,32.0,0.0,0.0,0.0,0.0,0.0,25.0,0.0,0.0,0.0,0.0,0.0,0.0,0.0,0.0,0.0,28.0,64.0,0.0,0.0,0.0,0.0,0.0,10.0,0.0,0.0,59.0,0.37453200000000003
2015-38,0.37453200000000003,39.0,0.0,0.0,52.0,0.0,31.0,0.0,21.0,7.0,0.0,0.0,0.0,0.0,0.0,18.0,0.0,44.0,0.0,0.0,0.0,31.0,32.0,0.0,0.0,0.0,0.0,0.0,25.0,0.0,0.0,0.0,0.0,0.0,0.0,0.0,0.0,0.0,28.0,64.0,0.0,0.0,0.0,0.0,0.0,10.0,0.0,0.0,59.0,0.311526
2015-39,0.311526,39.0,0.0,0.0,52.0,0.0,31.0,0.0,21.0,7.0,0.0,0.0,0.0,0.0,0.0,18.0,0.0,44.0,0.0,0.0,0.0,31.0,32.0,0.0,0.0,0.0,0.0,0.0,25.0,0.0,0.0,0.0,0.0,0.0,0.0,0.0,0.0,0.0,28.0,64.0,0.0,0.0,0.0,0.0,0.0,10.0,0.0,0.0,59.0,0.227964
2015-40,0.227964,39.0,0.0,0.0,52.0,0.0,31.0,0.0,21.0,7.0,0.0,0.0,0.0,0.0,0.0,18.0,0.0,44.0,0.0,0.0,0.0,31.0,32.0,0.0,0.0,0.0,0.0,0.0,25.0,0.0,0.0,0.0,0.0,0.0,0.0,0.0,0.0,0.0,28.0,64.0,0.0,0.0,0.0,0.0,0.0,10.0,0.0,0.0,59.0,0.418318
2015-41,0.418318,22.0,39.0,0.0,24.0,0.0,0.0,0.0,21.0,11.0,0.0,0.0,25.0,45.0,0.0,18.0,0.0,44.0,71.0,0.0,0.0,0.0,32.0,0.0,0.0,0.0,0.0,0.0,0.0,0.0,0.0,24.0,16.0,0.0,16.0,0.0,46.0,43.0,0.0,0.0,0.0,24.0,32.0,0.0,46.0,20.0,0.0,0.0,0.0,0.416336
2015-42,0.416336,22.0,39.0,0.0,24.0,0.0,0.0,0.0,21.0,11.0,0.0,0.0,25.0,45.0,0.0,18.0,0.0,44.0,71.0,0.0,0.0,0.0,32.0,0.0,0.0,0.0,0.0,0.0,0.0,0.0,0.0,24.0,16.0,0.0,16.0,0.0,46.0,43.0,0.0,0.0,0.0,24.0,32.0,0.0,46.0,20.0,0.0,0.0,0.0,0.541691
2015-43,0.541691,22.0,39.0,0.0,24.0,0.0,0.0,0.0,21.0,11.0,0.0,0.0,25.0,45.0,0.0,18.0,0.0,44.0,71.0,0.0,0.0,0.0,32.0,0.0,0.0,0.0,0.0,0.0,0.0,0.0,0.0,24.0,16.0,0.0,16.0,0.0,46.0,43.0,0.0,0.0,0.0,24.0,32.0,0.0,46.0,20.0,0.0,0.0,0.0,0.540324
2015-44,0.540324,22.0,39.0,0.0,24.0,0.0,0.0,0.0,21.0,11.0,0.0,0.0,25.0,45.0,0.0,18.0,0.0,44.0,71.0,0.0,0.0,0.0,32.0,0.0,0.0,0.0,0.0,0.0,0.0,0.0,0.0,24.0,16.0,0.0,16.0,0.0,46.0,43.0,0.0,0.0,0.0,24.0,32.0,0.0,46.0,20.0,0.0,0.0,0.0,0.6661590000000001
2015-45,0.6661590000000001,17.0,0.0,0.0,32.0,25.0,0.0,22.0,20.0,11.0,25.0,0.0,37.0,44.0,33.0,35.0,43.0,0.0,0.0,0.0,0.0,0.0,0.0,0.0,0.0,17.0,0.0,0.0,0.0,0.0,0.0,0.0,32.0,0.0,15.0,0.0,45.0,0.0,0.0,61.0,0.0,0.0,62.0,0.0,45.0,29.0,0.0,0.0,0.0,0.801443
2015-46,0.801443,17.0,0.0,0.0,32.0,25.0,0.0,22.0,20.0,11.0,25.0,0.0,37.0,44.0,33.0,35.0,43.0,0.0,0.0,0.0,0.0,0.0,0.0,0.0,0.0,17.0,0.0,0.0,0.0,0.0,0.0,0.0,32.0,0.0,15.0,0.0,45.0,0.0,0.0,61.0,0.0,0.0,62.0,0.0,45.0,29.0,0.0,0.0,0.0,0.42918500000000004
2015-47,0.42918500000000004,17.0,0.0,0.0,32.0,25.0,0.0,22.0,20.0,11.0,25.0,0.0,37.0,44.0,33.0,35.0,43.0,0.0,0.0,0.0,0.0,0.0,0.0,0.0,0.0,17.0,0.0,0.0,0.0,0.0,0.0,0.0,32.0,0.0,15.0,0.0,45.0,0.0,0.0,61.0,0.0,0.0,62.0,0.0,45.0,29.0,0.0,0.0,0.0,0.708174
2015-48,0.708174,17.0,0.0,0.0,32.0,25.0,0.0,22.0,20.0,11.0,25.0,0.0,37.0,44.0,33.0,35.0,43.0,0.0,0.0,0.0,0.0,0.0,0.0,0.0,0.0,17.0,0.0,0.0,0.0,0.0,0.0,0.0,32.0,0.0,15.0,0.0,45.0,0.0,0.0,61.0,0.0,0.0,62.0,0.0,45.0,29.0,0.0,0.0,0.0,0.6258090000000001
2015-49,0.6258090000000001,17.0,0.0,0.0,32.0,25.0,0.0,22.0,20.0,11.0,25.0,0.0,37.0,44.0,33.0,35.0,43.0,0.0,0.0,0.0,0.0,0.0,0.0,0.0,0.0,17.0,0.0,0.0,0.0,0.0,0.0,0.0,32.0,0.0,15.0,0.0,45.0,0.0,0.0,61.0,0.0,0.0,62.0,0.0,45.0,29.0,0.0,0.0,0.0,0.714905
2015-50,0.714905,16.0,0.0,0.0,21.0,0.0,0.0,0.0,19.0,10.0,0.0,0.0,23.0,0.0,0.0,0.0,0.0,39.0,0.0,0.0,0.0,28.0,43.0,46.0,0.0,0.0,0.0,0.0,0.0,0.0,0.0,0.0,0.0,50.0,14.0,0.0,0.0,0.0,25.0,0.0,0.0,0.0,28.0,0.0,0.0,32.0,0.0,0.0,17.0,0.665281
2015-51,0.665281,16.0,0.0,0.0,21.0,0.0,0.0,0.0,19.0,10.0,0.0,0.0,23.0,0.0,0.0,0.0,0.0,39.0,0.0,0.0,0.0,28.0,43.0,46.0,0.0,0.0,0.0,0.0,0.0,0.0,0.0,0.0,0.0,50.0,14.0,0.0,0.0,0.0,25.0,0.0,0.0,0.0,28.0,0.0,0.0,32.0,0.0,0.0,17.0,0.425791
2015-52,0.425791,16.0,0.0,0.0,21.0,0.0,0.0,0.0,19.0,10.0,0.0,0.0,23.0,0.0,0.0,0.0,0.0,39.0,0.0,0.0,0.0,28.0,43.0,46.0,0.0,0.0,0.0,0.0,0.0,0.0,0.0,0.0,0.0,50.0,14.0,0.0,0.0,0.0,25.0,0.0,0.0,0.0,28.0,0.0,0.0,32.0,0.0,0.0,17.0,0.897868
2015-53,0.897868,16.0,0.0,0.0,21.0,0.0,0.0,0.0,19.0,10.0,0.0,0.0,23.0,0.0,0.0,0.0,0.0,39.0,0.0,0.0,0.0,28.0,43.0,46.0,0.0,0.0,0.0,0.0,0.0,0.0,0.0,0.0,0.0,50.0,14.0,0.0,0.0,0.0,25.0,0.0,0.0,0.0,28.0,0.0,0.0,32.0,0.0,0.0,17.0,0.805195
2016-01,0.805195,16.0,0.0,0.0,21.0,0.0,0.0,0.0,19.0,10.0,0.0,0.0,23.0,0.0,0.0,0.0,0.0,39.0,0.0,0.0,0.0,28.0,43.0,46.0,0.0,0.0,0.0,0.0,0.0,0.0,0.0,0.0,0.0,50.0,14.0,0.0,0.0,0.0,25.0,0.0,0.0,0.0,28.0,0.0,0.0,32.0,0.0,0.0,17.0,0.700389
2016-02,0.700389,16.0,0.0,0.0,21.0,0.0,0.0,0.0,19.0,10.0,0.0,0.0,23.0,0.0,0.0,0.0,0.0,39.0,0.0,0.0,0.0,28.0,43.0,46.0,0.0,0.0,0.0,0.0,0.0,0.0,0.0,0.0,0.0,50.0,14.0,0.0,0.0,0.0,25.0,0.0,0.0,0.0,28.0,0.0,0.0,32.0,0.0,0.0,17.0,0.8064520000000001
2016-03,0.8064520000000001,16.0,0.0,0.0,21.0,0.0,0.0,0.0,19.0,10.0,0.0,0.0,23.0,0.0,0.0,0.0,0.0,39.0,0.0,0.0,0.0,28.0,43.0,46.0,0.0,0.0,0.0,0.0,0.0,0.0,0.0,0.0,0.0,50.0,14.0,0.0,0.0,0.0,25.0,0.0,0.0,0.0,28.0,0.0,0.0,32.0,0.0,0.0,17.0,0.703675
2016-04,0.703675,16.0,0.0,0.0,21.0,0.0,0.0,0.0,19.0,10.0,0.0,0.0,23.0,0.0,0.0,0.0,0.0,39.0,0.0,0.0,0.0,28.0,43.0,46.0,0.0,0.0,0.0,0.0,0.0,0.0,0.0,0.0,0.0,50.0,14.0,0.0,0.0,0.0,25.0,0.0,0.0,0.0,28.0,0.0,0.0,32.0,0.0,0.0,17.0,1.11516
2016-05,1.11516,16.0,0.0,0.0,21.0,0.0,0.0,0.0,19.0,10.0,0.0,0.0,23.0,0.0,0.0,0.0,0.0,39.0,0.0,0.0,0.0,28.0,43.0,46.0,0.0,0.0,0.0,0.0,0.0,0.0,0.0,0.0,0.0,50.0,14.0,0.0,0.0,0.0,25.0,0.0,0.0,0.0,28.0,0.0,0.0,32.0,0.0,0.0,17.0,1.60428
2016-06,1.60428,16.0,0.0,0.0,21.0,0.0,0.0,0.0,19.0,10.0,0.0,0.0,23.0,0.0,0.0,0.0,0.0,39.0,0.0,0.0,0.0,28.0,43.0,46.0,0.0,0.0,0.0,0.0,0.0,0.0,0.0,0.0,0.0,50.0,14.0,0.0,0.0,0.0,25.0,0.0,0.0,0.0,28.0,0.0,0.0,32.0,0.0,0.0,17.0,1.6711799999999999
2016-07,1.6711799999999999,16.0,0.0,0.0,21.0,0.0,0.0,0.0,19.0,10.0,0.0,0.0,23.0,0.0,0.0,0.0,0.0,39.0,0.0,0.0,0.0,28.0,43.0,46.0,0.0,0.0,0.0,0.0,0.0,0.0,0.0,0.0,0.0,50.0,14.0,0.0,0.0,0.0,25.0,0.0,0.0,0.0,28.0,0.0,0.0,32.0,0.0,0.0,17.0,1.66878
2016-08,1.66878,16.0,0.0,0.0,21.0,0.0,0.0,0.0,19.0,10.0,0.0,0.0,23.0,0.0,0.0,0.0,0.0,39.0,0.0,0.0,0.0,28.0,43.0,46.0,0.0,0.0,0.0,0.0,0.0,0.0,0.0,0.0,0.0,50.0,14.0,0.0,0.0,0.0,25.0,0.0,0.0,0.0,28.0,0.0,0.0,32.0,0.0,0.0,17.0,1.96032
2016-09,1.96032,16.0,0.0,0.0,21.0,0.0,0.0,0.0,19.0,10.0,0.0,0.0,23.0,0.0,0.0,0.0,0.0,39.0,0.0,0.0,0.0,28.0,43.0,46.0,0.0,0.0,0.0,0.0,0.0,0.0,0.0,0.0,0.0,50.0,14.0,0.0,0.0,0.0,25.0,0.0,0.0,0.0,28.0,0.0,0.0,32.0,0.0,0.0,17.0,2.55706
2016-10,2.55706,16.0,0.0,0.0,21.0,0.0,0.0,0.0,19.0,10.0,0.0,0.0,23.0,0.0,0.0,0.0,0.0,39.0,0.0,0.0,0.0,28.0,43.0,46.0,0.0,0.0,0.0,0.0,0.0,0.0,0.0,0.0,0.0,50.0,14.0,0.0,0.0,0.0,25.0,0.0,0.0,0.0,28.0,0.0,0.0,32.0,0.0,0.0,17.0,3.47663
2016-11,3.47663,16.0,0.0,0.0,21.0,0.0,0.0,0.0,19.0,10.0,0.0,0.0,23.0,0.0,0.0,0.0,0.0,39.0,0.0,0.0,0.0,28.0,43.0,46.0,0.0,0.0,0.0,0.0,0.0,0.0,0.0,0.0,0.0,50.0,14.0,0.0,0.0,0.0,25.0,0.0,0.0,0.0,28.0,0.0,0.0,32.0,0.0,0.0,17.0,2.85855
2016-12,2.85855,16.0,0.0,0.0,21.0,0.0,0.0,0.0,19.0,10.0,0.0,0.0,23.0,0.0,0.0,0.0,0.0,39.0,0.0,0.0,0.0,28.0,43.0,46.0,0.0,0.0,0.0,0.0,0.0,0.0,0.0,0.0,0.0,50.0,14.0,0.0,0.0,0.0,25.0,0.0,0.0,0.0,28.0,0.0,0.0,32.0,0.0,0.0,17.0,2.21372
2016-13,2.21372,16.0,0.0,0.0,21.0,0.0,0.0,0.0,19.0,10.0,0.0,0.0,23.0,0.0,0.0,0.0,0.0,39.0,0.0,0.0,0.0,28.0,43.0,46.0,0.0,0.0,0.0,0.0,0.0,0.0,0.0,0.0,0.0,50.0,14.0,0.0,0.0,0.0,25.0,0.0,0.0,0.0,28.0,0.0,0.0,32.0,0.0,0.0,17.0,1.7500799999999999
2016-14,1.7500799999999999,5.0,0.0,0.0,68.0,23.0,27.0,0.0,19.0,13.0,23.0,0.0,23.0,0.0,20.0,16.0,0.0,0.0,0.0,0.0,0.0,28.0,28.0,0.0,0.0,0.0,0.0,0.0,22.0,0.0,0.0,0.0,29.0,50.0,0.0,0.0,0.0,0.0,25.0,0.0,0.0,0.0,28.0,0.0,0.0,18.0,0.0,0.0,18.0,0.720254
2016-15,0.720254,5.0,0.0,0.0,68.0,23.0,27.0,0.0,19.0,13.0,23.0,0.0,23.0,0.0,20.0,16.0,0.0,0.0,0.0,0.0,0.0,28.0,28.0,0.0,0.0,0.0,0.0,0.0,22.0,0.0,0.0,0.0,29.0,50.0,0.0,0.0,0.0,0.0,25.0,0.0,0.0,0.0,28.0,0.0,0.0,18.0,0.0,0.0,18.0,0.7732760000000001
2016-16,0.7732760000000001,5.0,0.0,0.0,68.0,23.0,27.0,0.0,19.0,13.0,23.0,0.0,23.0,0.0,20.0,16.0,0.0,0.0,0.0,0.0,0.0,28.0,28.0,0.0,0.0,0.0,0.0,0.0,22.0,0.0,0.0,0.0,29.0,50.0,0.0,0.0,0.0,0.0,25.0,0.0,0.0,0.0,28.0,0.0,0.0,18.0,0.0,0.0,18.0,0.892267
2016-17,0.892267,5.0,0.0,0.0,68.0,23.0,27.0,0.0,19.0,13.0,23.0,0.0,23.0,0.0,20.0,16.0,0.0,0.0,0.0,0.0,0.0,28.0,28.0,0.0,0.0,0.0,0.0,0.0,22.0,0.0,0.0,0.0,29.0,50.0,0.0,0.0,0.0,0.0,25.0,0.0,0.0,0.0,28.0,0.0,0.0,18.0,0.0,0.0,18.0,0.8737860000000001
2016-18,0.8737860000000001,11.0,38.0,0.0,18.0,25.0,0.0,0.0,0.0,7.0,25.0,0.0,25.0,0.0,0.0,0.0,0.0,22.0,68.0,0.0,0.0,0.0,31.0,0.0,0.0,0.0,0.0,0.0,0.0,0.0,0.0,0.0,16.0,0.0,0.0,0.0,0.0,0.0,0.0,0.0,0.0,0.0,31.0,0.0,0.0,15.0,0.0,0.0,0.0,0.793651
2016-19,0.793651,11.0,38.0,0.0,18.0,25.0,0.0,0.0,0.0,7.0,25.0,0.0,25.0,0.0,0.0,0.0,0.0,22.0,68.0,0.0,0.0,0.0,31.0,0.0,0.0,0.0,0.0,0.0,0.0,0.0,0.0,0.0,16.0,0.0,0.0,0.0,0.0,0.0,0.0,0.0,0.0,0.0,31.0,0.0,0.0,15.0,0.0,0.0,0.0,0.407709
2016-20,0.407709,11.0,38.0,0.0,18.0,25.0,0.0,0.0,0.0,7.0,25.0,0.0,25.0,0.0,0.0,0.0,0.0,22.0,68.0,0.0,0.0,0.0,31.0,0.0,0.0,0.0,0.0,0.0,0.0,0.0,0.0,0.0,16.0,0.0,0.0,0.0,0.0,0.0,0.0,0.0,0.0,0.0,31.0,0.0,0.0,15.0,0.0,0.0,0.0,0.47549399999999997
2016-21,0.47549399999999997,11.0,38.0,0.0,18.0,25.0,0.0,0.0,0.0,7.0,25.0,0.0,25.0,0.0,0.0,0.0,0.0,22.0,68.0,0.0,0.0,0.0,31.0,0.0,0.0,0.0,0.0,0.0,0.0,0.0,0.0,0.0,16.0,0.0,0.0,0.0,0.0,0.0,0.0,0.0,0.0,0.0,31.0,0.0,0.0,15.0,0.0,0.0,0.0,0.575986
2016-22,0.575986,11.0,38.0,0.0,18.0,25.0,0.0,0.0,0.0,7.0,25.0,0.0,25.0,0.0,0.0,0.0,0.0,22.0,68.0,0.0,0.0,0.0,31.0,0.0,0.0,0.0,0.0,0.0,0.0,0.0,0.0,0.0,16.0,0.0,0.0,0.0,0.0,0.0,0.0,0.0,0.0,0.0,31.0,0.0,0.0,15.0,0.0,0.0,0.0,0.212917
2016-23,0.212917,2.0,0.0,0.0,13.0,0.0,0.0,0.0,6.0,7.0,0.0,0.0,0.0,0.0,0.0,0.0,0.0,20.0,65.0,0.0,0.0,0.0,0.0,0.0,0.0,0.0,0.0,0.0,0.0,0.0,0.0,0.0,45.0,0.0,0.0,0.0,42.0,0.0,0.0,0.0,0.0,0.0,0.0,0.0,42.0,9.0,0.0,0.0,0.0,0.19076700000000002
2016-24,0.19076700000000002,2.0,0.0,0.0,13.0,0.0,0.0,0.0,6.0,7.0,0.0,0.0,0.0,0.0,0.0,0.0,0.0,20.0,65.0,0.0,0.0,0.0,0.0,0.0,0.0,0.0,0.0,0.0,0.0,0.0,0.0,0.0,45.0,0.0,0.0,0.0,42.0,0.0,0.0,0.0,0.0,0.0,0.0,0.0,42.0,9.0,0.0,0.0,0.0,0.17837999999999998
2016-25,0.17837999999999998,2.0,0.0,0.0,13.0,0.0,0.0,0.0,6.0,7.0,0.0,0.0,0.0,0.0,0.0,0.0,0.0,20.0,65.0,0.0,0.0,0.0,0.0,0.0,0.0,0.0,0.0,0.0,0.0,0.0,0.0,0.0,45.0,0.0,0.0,0.0,42.0,0.0,0.0,0.0,0.0,0.0,0.0,0.0,42.0,9.0,0.0,0.0,0.0,0.31757199999999997
2016-26,0.31757199999999997,2.0,0.0,0.0,13.0,0.0,0.0,0.0,6.0,7.0,0.0,0.0,0.0,0.0,0.0,0.0,0.0,20.0,65.0,0.0,0.0,0.0,0.0,0.0,0.0,0.0,0.0,0.0,0.0,0.0,0.0,0.0,45.0,0.0,0.0,0.0,42.0,0.0,0.0,0.0,0.0,0.0,0.0,0.0,42.0,9.0,0.0,0.0,0.0,0.253807
2016-27,0.253807,7.0,0.0,0.0,17.0,24.0,0.0,0.0,6.0,0.0,24.0,0.0,0.0,0.0,0.0,0.0,0.0,0.0,65.0,0.0,0.0,0.0,0.0,0.0,0.0,0.0,0.0,0.0,23.0,0.0,0.0,0.0,15.0,0.0,0.0,0.0,0.0,0.0,26.0,0.0,0.0,0.0,0.0,59.0,0.0,23.0,0.0,0.0,0.0,0.140944
2016-28,0.140944,7.0,0.0,0.0,17.0,24.0,0.0,0.0,6.0,0.0,24.0,0.0,0.0,0.0,0.0,0.0,0.0,0.0,65.0,0.0,0.0,0.0,0.0,0.0,0.0,0.0,0.0,0.0,23.0,0.0,0.0,0.0,15.0,0.0,0.0,0.0,0.0,0.0,26.0,0.0,0.0,0.0,0.0,59.0,0.0,23.0,0.0,0.0,0.0,0.0719683
2016-29,0.0719683,7.0,0.0,0.0,17.0,24.0,0.0,0.0,6.0,0.0,24.0,0.0,0.0,0.0,0.0,0.0,0.0,0.0,65.0,0.0,0.0,0.0,0.0,0.0,0.0,0.0,0.0,0.0,23.0,0.0,0.0,0.0,15.0,0.0,0.0,0.0,0.0,0.0,26.0,0.0,0.0,0.0,0.0,59.0,0.0,23.0,0.0,0.0,0.0,0.0700035
2016-30,0.0700035,7.0,0.0,0.0,17.0,24.0,0.0,0.0,6.0,0.0,24.0,0.0,0.0,0.0,0.0,0.0,0.0,0.0,65.0,0.0,0.0,0.0,0.0,0.0,0.0,0.0,0.0,0.0,23.0,0.0,0.0,0.0,15.0,0.0,0.0,0.0,0.0,0.0,26.0,0.0,0.0,0.0,0.0,59.0,0.0,23.0,0.0,0.0,0.0,0.0335909
2016-31,0.0335909,7.0,0.0,0.0,17.0,24.0,0.0,0.0,6.0,0.0,24.0,0.0,0.0,0.0,0.0,0.0,0.0,0.0,65.0,0.0,0.0,0.0,0.0,0.0,0.0,0.0,0.0,0.0,23.0,0.0,0.0,0.0,15.0,0.0,0.0,0.0,0.0,0.0,26.0,0.0,0.0,0.0,0.0,59.0,0.0,23.0,0.0,0.0,0.0,0.09407339999999999
2016-32,0.09407339999999999,13.0,0.0,0.0,77.0,0.0,0.0,0.0,6.0,19.0,0.0,0.0,22.0,38.0,0.0,0.0,0.0,0.0,0.0,0.0,0.0,27.0,0.0,0.0,0.0,0.0,0.0,0.0,21.0,0.0,0.0,0.0,14.0,0.0,0.0,0.0,0.0,0.0,24.0,0.0,0.0,0.0,0.0,0.0,0.0,43.0,0.0,0.0,34.0,0.25399099999999997
2016-33,0.25399099999999997,13.0,0.0,0.0,77.0,0.0,0.0,0.0,6.0,19.0,0.0,0.0,22.0,38.0,0.0,0.0,0.0,0.0,0.0,0.0,0.0,27.0,0.0,0.0,0.0,0.0,0.0,0.0,21.0,0.0,0.0,0.0,14.0,0.0,0.0,0.0,0.0,0.0,24.0,0.0,0.0,0.0,0.0,0.0,0.0,43.0,0.0,0.0,34.0,0.17313
2016-34,0.17313,13.0,0.0,0.0,77.0,0.0,0.0,0.0,6.0,19.0,0.0,0.0,22.0,38.0,0.0,0.0,0.0,0.0,0.0,0.0,0.0,27.0,0.0,0.0,0.0,0.0,0.0,0.0,21.0,0.0,0.0,0.0,14.0,0.0,0.0,0.0,0.0,0.0,24.0,0.0,0.0,0.0,0.0,0.0,0.0,43.0,0.0,0.0,34.0,0.23809499999999997
2016-35,0.23809499999999997,13.0,0.0,0.0,77.0,0.0,0.0,0.0,6.0,19.0,0.0,0.0,22.0,38.0,0.0,0.0,0.0,0.0,0.0,0.0,0.0,27.0,0.0,0.0,0.0,0.0,0.0,0.0,21.0,0.0,0.0,0.0,14.0,0.0,0.0,0.0,0.0,0.0,24.0,0.0,0.0,0.0,0.0,0.0,0.0,43.0,0.0,0.0,34.0,0.214961
2016-36,0.214961,22.0,0.0,0.0,32.0,0.0,0.0,0.0,15.0,13.0,0.0,0.0,0.0,0.0,0.0,15.0,39.0,37.0,0.0,0.0,0.0,55.0,27.0,0.0,0.0,15.0,0.0,0.0,0.0,0.0,0.0,0.0,0.0,0.0,0.0,0.0,0.0,0.0,0.0,0.0,47.0,0.0,0.0,0.0,0.0,30.0,0.0,0.0,17.0,0.312207
2016-37,0.312207,22.0,0.0,0.0,32.0,0.0,0.0,0.0,15.0,13.0,0.0,0.0,0.0,0.0,0.0,15.0,39.0,37.0,0.0,0.0,0.0,55.0,27.0,0.0,0.0,15.0,0.0,0.0,0.0,0.0,0.0,0.0,0.0,0.0,0.0,0.0,0.0,0.0,0.0,0.0,47.0,0.0,0.0,0.0,0.0,30.0,0.0,0.0,17.0,0.169837
2016-38,0.169837,22.0,0.0,0.0,32.0,0.0,0.0,0.0,15.0,13.0,0.0,0.0,0.0,0.0,0.0,15.0,39.0,37.0,0.0,0.0,0.0,55.0,27.0,0.0,0.0,15.0,0.0,0.0,0.0,0.0,0.0,0.0,0.0,0.0,0.0,0.0,0.0,0.0,0.0,0.0,47.0,0.0,0.0,0.0,0.0,30.0,0.0,0.0,17.0,0.526805
2016-39,0.526805,22.0,0.0,0.0,32.0,0.0,0.0,0.0,15.0,13.0,0.0,0.0,0.0,0.0,0.0,15.0,39.0,37.0,0.0,0.0,0.0,55.0,27.0,0.0,0.0,15.0,0.0,0.0,0.0,0.0,0.0,0.0,0.0,0.0,0.0,0.0,0.0,0.0,0.0,0.0,47.0,0.0,0.0,0.0,0.0,30.0,0.0,0.0,17.0,0.43525600000000003
2016-40,0.43525600000000003,23.0,0.0,0.0,39.0,22.0,26.0,0.0,20.0,15.0,22.0,0.0,0.0,0.0,0.0,15.0,0.0,46.0,0.0,0.0,0.0,0.0,0.0,0.0,0.0,0.0,0.0,0.0,0.0,0.0,0.0,20.0,14.0,47.0,13.0,0.0,0.0,0.0,0.0,0.0,0.0,20.0,0.0,0.0,0.0,13.0,0.0,0.0,0.0,0.645578
2016-41,0.645578,23.0,0.0,0.0,39.0,22.0,26.0,0.0,20.0,15.0,22.0,0.0,0.0,0.0,0.0,15.0,0.0,46.0,0.0,0.0,0.0,0.0,0.0,0.0,0.0,0.0,0.0,0.0,0.0,0.0,0.0,20.0,14.0,47.0,13.0,0.0,0.0,0.0,0.0,0.0,0.0,20.0,0.0,0.0,0.0,13.0,0.0,0.0,0.0,0.6406149999999999
2016-42,0.6406149999999999,23.0,0.0,0.0,39.0,22.0,26.0,0.0,20.0,15.0,22.0,0.0,0.0,0.0,0.0,15.0,0.0,46.0,0.0,0.0,0.0,0.0,0.0,0.0,0.0,0.0,0.0,0.0,0.0,0.0,0.0,20.0,14.0,47.0,13.0,0.0,0.0,0.0,0.0,0.0,0.0,20.0,0.0,0.0,0.0,13.0,0.0,0.0,0.0,0.517598
2016-43,0.517598,23.0,0.0,0.0,39.0,22.0,26.0,0.0,20.0,15.0,22.0,0.0,0.0,0.0,0.0,15.0,0.0,46.0,0.0,0.0,0.0,0.0,0.0,0.0,0.0,0.0,0.0,0.0,0.0,0.0,0.0,20.0,14.0,47.0,13.0,0.0,0.0,0.0,0.0,0.0,0.0,20.0,0.0,0.0,0.0,13.0,0.0,0.0,0.0,0.707395
2016-44,0.707395,23.0,0.0,0.0,39.0,22.0,26.0,0.0,20.0,15.0,22.0,0.0,0.0,0.0,0.0,15.0,0.0,46.0,0.0,0.0,0.0,0.0,0.0,0.0,0.0,0.0,0.0,0.0,0.0,0.0,0.0,20.0,14.0,47.0,13.0,0.0,0.0,0.0,0.0,0.0,0.0,20.0,0.0,0.0,0.0,13.0,0.0,0.0,0.0,0.8407290000000001
2016-45,0.8407290000000001,16.0,0.0,0.0,23.0,21.0,0.0,55.0,11.0,21.0,21.0,0.0,0.0,0.0,55.0,0.0,36.0,18.0,0.0,0.0,0.0,26.0,0.0,42.0,0.0,28.0,0.0,0.0,0.0,52.0,0.0,0.0,40.0,0.0,0.0,0.0,0.0,0.0,0.0,0.0,0.0,0.0,0.0,0.0,0.0,8.0,0.0,0.0,48.0,0.520587
2016-46,0.520587,16.0,0.0,0.0,23.0,21.0,0.0,55.0,11.0,21.0,21.0,0.0,0.0,0.0,55.0,0.0,36.0,18.0,0.0,0.0,0.0,26.0,0.0,42.0,0.0,28.0,0.0,0.0,0.0,52.0,0.0,0.0,40.0,0.0,0.0,0.0,0.0,0.0,0.0,0.0,0.0,0.0,0.0,0.0,0.0,8.0,0.0,0.0,48.0,0.6540020000000001
2016-47,0.6540020000000001,16.0,0.0,0.0,23.0,21.0,0.0,55.0,11.0,21.0,21.0,0.0,0.0,0.0,55.0,0.0,36.0,18.0,0.0,0.0,0.0,26.0,0.0,42.0,0.0,28.0,0.0,0.0,0.0,52.0,0.0,0.0,40.0,0.0,0.0,0.0,0.0,0.0,0.0,0.0,0.0,0.0,0.0,0.0,0.0,8.0,0.0,0.0,48.0,0.36956500000000003
2016-48,0.36956500000000003,16.0,0.0,0.0,23.0,21.0,0.0,55.0,11.0,21.0,21.0,0.0,0.0,0.0,55.0,0.0,36.0,18.0,0.0,0.0,0.0,26.0,0.0,42.0,0.0,28.0,0.0,0.0,0.0,52.0,0.0,0.0,40.0,0.0,0.0,0.0,0.0,0.0,0.0,0.0,0.0,0.0,0.0,0.0,0.0,8.0,0.0,0.0,48.0,0.7626310000000001
2016-49,0.7626310000000001,12.0,31.0,0.0,45.0,0.0,0.0,0.0,14.0,6.0,0.0,0.0,20.0,0.0,0.0,0.0,0.0,0.0,0.0,0.0,0.0,25.0,0.0,0.0,0.0,0.0,0.0,0.0,0.0,0.0,0.0,0.0,13.0,45.0,0.0,0.0,0.0,0.0,0.0,0.0,0.0,0.0,0.0,0.0,0.0,20.0,0.0,0.0,47.0,1.34497
2016-50,1.34497,12.0,31.0,0.0,45.0,0.0,0.0,0.0,14.0,6.0,0.0,0.0,20.0,0.0,0.0,0.0,0.0,0.0,0.0,0.0,0.0,25.0,0.0,0.0,0.0,0.0,0.0,0.0,0.0,0.0,0.0,0.0,13.0,45.0,0.0,0.0,0.0,0.0,0.0,0.0,0.0,0.0,0.0,0.0,0.0,20.0,0.0,0.0,47.0,1.6936099999999998
2016-51,1.6936099999999998,12.0,31.0,0.0,45.0,0.0,0.0,0.0,14.0,6.0,0.0,0.0,20.0,0.0,0.0,0.0,0.0,0.0,0.0,0.0,0.0,25.0,0.0,0.0,0.0,0.0,0.0,0.0,0.0,0.0,0.0,0.0,13.0,45.0,0.0,0.0,0.0,0.0,0.0,0.0,0.0,0.0,0.0,0.0,0.0,20.0,0.0,0.0,47.0,1.28665
2016-52,1.28665,12.0,31.0,0.0,45.0,0.0,0.0,0.0,14.0,6.0,0.0,0.0,20.0,0.0,0.0,0.0,0.0,0.0,0.0,0.0,0.0,25.0,0.0,0.0,0.0,0.0,0.0,0.0,0.0,0.0,0.0,0.0,13.0,45.0,0.0,0.0,0.0,0.0,0.0,0.0,0.0,0.0,0.0,0.0,0.0,20.0,0.0,0.0,47.0,1.7214
2017-01,1.7214,12.0,31.0,0.0,45.0,0.0,0.0,0.0,14.0,6.0,0.0,0.0,20.0,0.0,0.0,0.0,0.0,0.0,0.0,0.0,0.0,25.0,0.0,0.0,0.0,0.0,0.0,0.0,0.0,0.0,0.0,0.0,13.0,45.0,0.0,0.0,0.0,0.0,0.0,0.0,0.0,0.0,0.0,0.0,0.0,20.0,0.0,0.0,47.0,3.4639900000000003
2017-02,3.4639900000000003,12.0,31.0,0.0,45.0,0.0,0.0,0.0,14.0,6.0,0.0,0.0,20.0,0.0,0.0,0.0,0.0,0.0,0.0,0.0,0.0,25.0,0.0,0.0,0.0,0.0,0.0,0.0,0.0,0.0,0.0,0.0,13.0,45.0,0.0,0.0,0.0,0.0,0.0,0.0,0.0,0.0,0.0,0.0,0.0,20.0,0.0,0.0,47.0,2.57927
2017-03,2.57927,12.0,31.0,0.0,45.0,0.0,0.0,0.0,14.0,6.0,0.0,0.0,20.0,0.0,0.0,0.0,0.0,0.0,0.0,0.0,0.0,25.0,0.0,0.0,0.0,0.0,0.0,0.0,0.0,0.0,0.0,0.0,13.0,45.0,0.0,0.0,0.0,0.0,0.0,0.0,0.0,0.0,0.0,0.0,0.0,20.0,0.0,0.0,47.0,3.04047
2017-04,3.04047,12.0,31.0,0.0,45.0,0.0,0.0,0.0,14.0,6.0,0.0,0.0,20.0,0.0,0.0,0.0,0.0,0.0,0.0,0.0,0.0,25.0,0.0,0.0,0.0,0.0,0.0,0.0,0.0,0.0,0.0,0.0,13.0,45.0,0.0,0.0,0.0,0.0,0.0,0.0,0.0,0.0,0.0,0.0,0.0,20.0,0.0,0.0,47.0,4.33029
2017-05,4.33029,12.0,31.0,0.0,45.0,0.0,0.0,0.0,14.0,6.0,0.0,0.0,20.0,0.0,0.0,0.0,0.0,0.0,0.0,0.0,0.0,25.0,0.0,0.0,0.0,0.0,0.0,0.0,0.0,0.0,0.0,0.0,13.0,45.0,0.0,0.0,0.0,0.0,0.0,0.0,0.0,0.0,0.0,0.0,0.0,20.0,0.0,0.0,47.0,3.7685699999999995
2017-06,3.7685699999999995,12.0,31.0,0.0,45.0,0.0,0.0,0.0,14.0,6.0,0.0,0.0,20.0,0.0,0.0,0.0,0.0,0.0,0.0,0.0,0.0,25.0,0.0,0.0,0.0,0.0,0.0,0.0,0.0,0.0,0.0,0.0,13.0,45.0,0.0,0.0,0.0,0.0,0.0,0.0,0.0,0.0,0.0,0.0,0.0,20.0,0.0,0.0,47.0,3.00981
2017-07,3.00981,12.0,31.0,0.0,45.0,0.0,0.0,0.0,14.0,6.0,0.0,0.0,20.0,0.0,0.0,0.0,0.0,0.0,0.0,0.0,0.0,25.0,0.0,0.0,0.0,0.0,0.0,0.0,0.0,0.0,0.0,0.0,13.0,45.0,0.0,0.0,0.0,0.0,0.0,0.0,0.0,0.0,0.0,0.0,0.0,20.0,0.0,0.0,47.0,2.07824
2017-08,2.07824,12.0,31.0,0.0,45.0,0.0,0.0,0.0,14.0,6.0,0.0,0.0,20.0,0.0,0.0,0.0,0.0,0.0,0.0,0.0,0.0,25.0,0.0,0.0,0.0,0.0,0.0,0.0,0.0,0.0,0.0,0.0,13.0,45.0,0.0,0.0,0.0,0.0,0.0,0.0,0.0,0.0,0.0,0.0,0.0,20.0,0.0,0.0,47.0,1.83625
2017-09,1.83625,12.0,31.0,0.0,45.0,0.0,0.0,0.0,14.0,6.0,0.0,0.0,20.0,0.0,0.0,0.0,0.0,0.0,0.0,0.0,0.0,25.0,0.0,0.0,0.0,0.0,0.0,0.0,0.0,0.0,0.0,0.0,13.0,45.0,0.0,0.0,0.0,0.0,0.0,0.0,0.0,0.0,0.0,0.0,0.0,20.0,0.0,0.0,47.0,2.53111
2017-10,2.53111,12.0,31.0,0.0,45.0,0.0,0.0,0.0,14.0,6.0,0.0,0.0,20.0,0.0,0.0,0.0,0.0,0.0,0.0,0.0,0.0,25.0,0.0,0.0,0.0,0.0,0.0,0.0,0.0,0.0,0.0,0.0,13.0,45.0,0.0,0.0,0.0,0.0,0.0,0.0,0.0,0.0,0.0,0.0,0.0,20.0,0.0,0.0,47.0,1.56028
2017-11,1.56028,12.0,31.0,0.0,45.0,0.0,0.0,0.0,14.0,6.0,0.0,0.0,20.0,0.0,0.0,0.0,0.0,0.0,0.0,0.0,0.0,25.0,0.0,0.0,0.0,0.0,0.0,0.0,0.0,0.0,0.0,0.0,13.0,45.0,0.0,0.0,0.0,0.0,0.0,0.0,0.0,0.0,0.0,0.0,0.0,20.0,0.0,0.0,47.0,1.80465
2017-12,1.80465,12.0,31.0,0.0,45.0,0.0,0.0,0.0,14.0,6.0,0.0,0.0,20.0,0.0,0.0,0.0,0.0,0.0,0.0,0.0,0.0,25.0,0.0,0.0,0.0,0.0,0.0,0.0,0.0,0.0,0.0,0.0,13.0,45.0,0.0,0.0,0.0,0.0,0.0,0.0,0.0,0.0,0.0,0.0,0.0,20.0,0.0,0.0,47.0,1.5368899999999999
2017-13,1.5368899999999999,12.0,31.0,0.0,45.0,0.0,0.0,0.0,14.0,6.0,0.0,0.0,20.0,0.0,0.0,0.0,0.0,0.0,0.0,0.0,0.0,25.0,0.0,0.0,0.0,0.0,0.0,0.0,0.0,0.0,0.0,0.0,13.0,45.0,0.0,0.0,0.0,0.0,0.0,0.0,0.0,0.0,0.0,0.0,0.0,20.0,0.0,0.0,47.0,1.07162
2017-14,1.07162,11.0,31.0,0.0,26.0,41.0,0.0,0.0,22.0,12.0,41.0,0.0,20.0,0.0,36.0,14.0,35.0,17.0,0.0,56.0,0.0,0.0,25.0,0.0,50.0,14.0,0.0,0.0,0.0,50.0,0.0,0.0,13.0,0.0,0.0,28.0,0.0,0.0,0.0,0.0,0.0,0.0,25.0,0.0,0.0,16.0,0.0,0.0,15.0,1.0547
2017-15,1.0547,11.0,31.0,0.0,26.0,41.0,0.0,0.0,22.0,12.0,41.0,0.0,20.0,0.0,36.0,14.0,35.0,17.0,0.0,56.0,0.0,0.0,25.0,0.0,50.0,14.0,0.0,0.0,0.0,50.0,0.0,0.0,13.0,0.0,0.0,28.0,0.0,0.0,0.0,0.0,0.0,0.0,25.0,0.0,0.0,16.0,0.0,0.0,15.0,1.12705
2017-16,1.12705,11.0,31.0,0.0,26.0,41.0,0.0,0.0,22.0,12.0,41.0,0.0,20.0,0.0,36.0,14.0,35.0,17.0,0.0,56.0,0.0,0.0,25.0,0.0,50.0,14.0,0.0,0.0,0.0,50.0,0.0,0.0,13.0,0.0,0.0,28.0,0.0,0.0,0.0,0.0,0.0,0.0,25.0,0.0,0.0,16.0,0.0,0.0,15.0,0.809512
2017-17,0.809512,11.0,31.0,0.0,26.0,41.0,0.0,0.0,22.0,12.0,41.0,0.0,20.0,0.0,36.0,14.0,35.0,17.0,0.0,56.0,0.0,0.0,25.0,0.0,50.0,14.0,0.0,0.0,0.0,50.0,0.0,0.0,13.0,0.0,0.0,28.0,0.0,0.0,0.0,0.0,0.0,0.0,25.0,0.0,0.0,16.0,0.0,0.0,15.0,1.20672
2017-18,1.20672,11.0,31.0,0.0,26.0,41.0,0.0,0.0,22.0,12.0,41.0,0.0,20.0,0.0,36.0,14.0,35.0,17.0,0.0,56.0,0.0,0.0,25.0,0.0,50.0,14.0,0.0,0.0,0.0,50.0,0.0,0.0,13.0,0.0,0.0,28.0,0.0,0.0,0.0,0.0,0.0,0.0,25.0,0.0,0.0,16.0,0.0,0.0,15.0,0.798258
2017-19,0.798258,4.0,0.0,0.0,41.0,0.0,0.0,0.0,0.0,6.0,0.0,0.0,22.0,0.0,0.0,0.0,0.0,19.0,0.0,0.0,0.0,0.0,27.0,0.0,0.0,0.0,0.0,0.0,0.0,0.0,0.0,0.0,0.0,0.0,0.0,0.0,0.0,0.0,0.0,0.0,0.0,0.0,0.0,0.0,0.0,17.0,0.0,0.0,0.0,0.39703499999999997
2017-20,0.39703499999999997,4.0,0.0,0.0,41.0,0.0,0.0,0.0,0.0,6.0,0.0,0.0,22.0,0.0,0.0,0.0,0.0,19.0,0.0,0.0,0.0,0.0,27.0,0.0,0.0,0.0,0.0,0.0,0.0,0.0,0.0,0.0,0.0,0.0,0.0,0.0,0.0,0.0,0.0,0.0,0.0,0.0,0.0,0.0,0.0,17.0,0.0,0.0,0.0,0.735086
2017-21,0.735086,4.0,0.0,0.0,41.0,0.0,0.0,0.0,0.0,6.0,0.0,0.0,22.0,0.0,0.0,0.0,0.0,19.0,0.0,0.0,0.0,0.0,27.0,0.0,0.0,0.0,0.0,0.0,0.0,0.0,0.0,0.0,0.0,0.0,0.0,0.0,0.0,0.0,0.0,0.0,0.0,0.0,0.0,0.0,0.0,17.0,0.0,0.0,0.0,0.705408
2017-22,0.705408,4.0,0.0,0.0,41.0,0.0,0.0,0.0,0.0,6.0,0.0,0.0,22.0,0.0,0.0,0.0,0.0,19.0,0.0,0.0,0.0,0.0,27.0,0.0,0.0,0.0,0.0,0.0,0.0,0.0,0.0,0.0,0.0,0.0,0.0,0.0,0.0,0.0,0.0,0.0,0.0,0.0,0.0,0.0,0.0,17.0,0.0,0.0,0.0,0.655431
2017-23,0.655431,8.0,0.0,0.0,22.0,0.0,0.0,0.0,8.0,9.0,0.0,0.0,0.0,0.0,18.0,28.0,0.0,17.0,0.0,0.0,0.0,25.0,25.0,0.0,0.0,0.0,0.0,0.0,0.0,0.0,0.0,0.0,25.0,0.0,0.0,0.0,0.0,0.0,0.0,0.0,0.0,0.0,25.0,0.0,0.0,20.0,0.0,0.0,15.0,0.627746
2017-24,0.627746,8.0,0.0,0.0,22.0,0.0,0.0,0.0,8.0,9.0,0.0,0.0,0.0,0.0,18.0,28.0,0.0,17.0,0.0,0.0,0.0,25.0,25.0,0.0,0.0,0.0,0.0,0.0,0.0,0.0,0.0,0.0,25.0,0.0,0.0,0.0,0.0,0.0,0.0,0.0,0.0,0.0,25.0,0.0,0.0,20.0,0.0,0.0,15.0,0.942507
2017-25,0.942507,8.0,0.0,0.0,22.0,0.0,0.0,0.0,8.0,9.0,0.0,0.0,0.0,0.0,18.0,28.0,0.0,17.0,0.0,0.0,0.0,25.0,25.0,0.0,0.0,0.0,0.0,0.0,0.0,0.0,0.0,0.0,25.0,0.0,0.0,0.0,0.0,0.0,0.0,0.0,0.0,0.0,25.0,0.0,0.0,20.0,0.0,0.0,15.0,0.35143800000000003
2017-26,0.35143800000000003,8.0,0.0,0.0,22.0,0.0,0.0,0.0,8.0,9.0,0.0,0.0,0.0,0.0,18.0,28.0,0.0,17.0,0.0,0.0,0.0,25.0,25.0,0.0,0.0,0.0,0.0,0.0,0.0,0.0,0.0,0.0,25.0,0.0,0.0,0.0,0.0,0.0,0.0,0.0,0.0,0.0,25.0,0.0,0.0,20.0,0.0,0.0,15.0,0.140515
2017-27,0.140515,5.0,0.0,0.0,31.0,0.0,0.0,0.0,5.0,5.0,0.0,0.0,19.0,0.0,0.0,0.0,0.0,0.0,0.0,0.0,0.0,23.0,0.0,0.0,0.0,0.0,0.0,0.0,0.0,0.0,0.0,0.0,12.0,0.0,0.0,0.0,0.0,0.0,0.0,0.0,0.0,0.0,0.0,0.0,0.0,8.0,0.0,0.0,15.0,0.398406
2017-28,0.398406,5.0,0.0,0.0,31.0,0.0,0.0,0.0,5.0,5.0,0.0,0.0,19.0,0.0,0.0,0.0,0.0,0.0,0.0,0.0,0.0,23.0,0.0,0.0,0.0,0.0,0.0,0.0,0.0,0.0,0.0,0.0,12.0,0.0,0.0,0.0,0.0,0.0,0.0,0.0,0.0,0.0,0.0,0.0,0.0,8.0,0.0,0.0,15.0,0.217108
2017-29,0.217108,5.0,0.0,0.0,31.0,0.0,0.0,0.0,5.0,5.0,0.0,0.0,19.0,0.0,0.0,0.0,0.0,0.0,0.0,0.0,0.0,23.0,0.0,0.0,0.0,0.0,0.0,0.0,0.0,0.0,0.0,0.0,12.0,0.0,0.0,0.0,0.0,0.0,0.0,0.0,0.0,0.0,0.0,0.0,0.0,8.0,0.0,0.0,15.0,0.0848536
2017-30,0.0848536,5.0,0.0,0.0,31.0,0.0,0.0,0.0,5.0,5.0,0.0,0.0,19.0,0.0,0.0,0.0,0.0,0.0,0.0,0.0,0.0,23.0,0.0,0.0,0.0,0.0,0.0,0.0,0.0,0.0,0.0,0.0,12.0,0.0,0.0,0.0,0.0,0.0,0.0,0.0,0.0,0.0,0.0,0.0,0.0,8.0,0.0,0.0,15.0,0.041476599999999995
2017-31,0.041476599999999995,5.0,0.0,0.0,31.0,0.0,0.0,0.0,5.0,5.0,0.0,0.0,19.0,0.0,0.0,0.0,0.0,0.0,0.0,0.0,0.0,23.0,0.0,0.0,0.0,0.0,0.0,0.0,0.0,0.0,0.0,0.0,12.0,0.0,0.0,0.0,0.0,0.0,0.0,0.0,0.0,0.0,0.0,0.0,0.0,8.0,0.0,0.0,15.0,0.23817600000000005
2017-32,0.23817600000000005,19.0,29.0,0.0,28.0,19.0,0.0,0.0,8.0,11.0,19.0,0.0,18.0,33.0,16.0,0.0,0.0,0.0,0.0,51.0,0.0,35.0,23.0,0.0,0.0,0.0,0.0,0.0,0.0,47.0,0.0,17.0,0.0,0.0,0.0,0.0,33.0,0.0,0.0,0.0,0.0,0.0,23.0,0.0,33.0,7.0,0.0,41.0,29.0,0.0738007
2017-33,0.0738007,19.0,29.0,0.0,28.0,19.0,0.0,0.0,8.0,11.0,19.0,0.0,18.0,33.0,16.0,0.0,0.0,0.0,0.0,51.0,0.0,35.0,23.0,0.0,0.0,0.0,0.0,0.0,0.0,47.0,0.0,17.0,0.0,0.0,0.0,0.0,33.0,0.0,0.0,0.0,0.0,0.0,23.0,0.0,33.0,7.0,0.0,41.0,29.0,0.267176
2017-34,0.267176,19.0,29.0,0.0,28.0,19.0,0.0,0.0,8.0,11.0,19.0,0.0,18.0,33.0,16.0,0.0,0.0,0.0,0.0,51.0,0.0,35.0,23.0,0.0,0.0,0.0,0.0,0.0,0.0,47.0,0.0,17.0,0.0,0.0,0.0,0.0,33.0,0.0,0.0,0.0,0.0,0.0,23.0,0.0,33.0,7.0,0.0,41.0,29.0,0.419687
2017-35,0.419687,19.0,29.0,0.0,28.0,19.0,0.0,0.0,8.0,11.0,19.0,0.0,18.0,33.0,16.0,0.0,0.0,0.0,0.0,51.0,0.0,35.0,23.0,0.0,0.0,0.0,0.0,0.0,0.0,47.0,0.0,17.0,0.0,0.0,0.0,0.0,33.0,0.0,0.0,0.0,0.0,0.0,23.0,0.0,33.0,7.0,0.0,41.0,29.0,0.778547
2017-36,0.778547,30.0,0.0,0.0,31.0,19.0,0.0,0.0,15.0,13.0,19.0,0.0,55.0,0.0,0.0,13.0,0.0,32.0,0.0,0.0,0.0,0.0,23.0,0.0,0.0,0.0,0.0,0.0,0.0,0.0,0.0,17.0,12.0,0.0,0.0,0.0,0.0,61.0,0.0,0.0,40.0,0.0,23.0,0.0,0.0,33.0,0.0,0.0,28.0,0.4119850000000001
2017-37,0.4119850000000001,30.0,0.0,0.0,31.0,19.0,0.0,0.0,15.0,13.0,19.0,0.0,55.0,0.0,0.0,13.0,0.0,32.0,0.0,0.0,0.0,0.0,23.0,0.0,0.0,0.0,0.0,0.0,0.0,0.0,0.0,17.0,12.0,0.0,0.0,0.0,0.0,61.0,0.0,0.0,40.0,0.0,23.0,0.0,0.0,33.0,0.0,0.0,28.0,0.327988
2017-38,0.327988,30.0,0.0,0.0,31.0,19.0,0.0,0.0,15.0,13.0,19.0,0.0,55.0,0.0,0.0,13.0,0.0,32.0,0.0,0.0,0.0,0.0,23.0,0.0,0.0,0.0,0.0,0.0,0.0,0.0,0.0,17.0,12.0,0.0,0.0,0.0,0.0,61.0,0.0,0.0,40.0,0.0,23.0,0.0,0.0,33.0,0.0,0.0,28.0,0.8626889999999999
2017-39,0.8626889999999999,30.0,0.0,0.0,31.0,19.0,0.0,0.0,15.0,13.0,19.0,0.0,55.0,0.0,0.0,13.0,0.0,32.0,0.0,0.0,0.0,0.0,23.0,0.0,0.0,0.0,0.0,0.0,0.0,0.0,0.0,17.0,12.0,0.0,0.0,0.0,0.0,61.0,0.0,0.0,40.0,0.0,23.0,0.0,0.0,33.0,0.0,0.0,28.0,1.1575600000000001
2017-40,1.1575600000000001,20.0,0.0,0.0,36.0,40.0,0.0,0.0,16.0,19.0,40.0,0.0,0.0,34.0,17.0,27.0,0.0,34.0,0.0,0.0,0.0,24.0,24.0,0.0,0.0,0.0,0.0,0.0,0.0,0.0,0.0,18.0,12.0,0.0,0.0,0.0,0.0,0.0,0.0,0.0,0.0,18.0,24.0,0.0,0.0,31.0,0.0,42.0,30.0,1.90188
2017-41,1.90188,20.0,0.0,0.0,36.0,40.0,0.0,0.0,16.0,19.0,40.0,0.0,0.0,34.0,17.0,27.0,0.0,34.0,0.0,0.0,0.0,24.0,24.0,0.0,0.0,0.0,0.0,0.0,0.0,0.0,0.0,18.0,12.0,0.0,0.0,0.0,0.0,0.0,0.0,0.0,0.0,18.0,24.0,0.0,0.0,31.0,0.0,42.0,30.0,1.06975
2017-42,1.06975,20.0,0.0,0.0,36.0,40.0,0.0,0.0,16.0,19.0,40.0,0.0,0.0,34.0,17.0,27.0,0.0,34.0,0.0,0.0,0.0,24.0,24.0,0.0,0.0,0.0,0.0,0.0,0.0,0.0,0.0,18.0,12.0,0.0,0.0,0.0,0.0,0.0,0.0,0.0,0.0,18.0,24.0,0.0,0.0,31.0,0.0,42.0,30.0,2.00795
